"row ID","RF100 Pred"
"Row0","FALSE"
"Row1","FALSE"
"Row2","FALSE"
"Row3","FALSE"
"Row4","TRUE"
"Row5","FALSE"
"Row6","FALSE"
"Row7","FALSE"
"Row8","FALSE"
"Row9","FALSE"
"Row10","FALSE"
"Row11","FALSE"
"Row12","TRUE"
"Row13","TRUE"
"Row14","TRUE"
"Row15","TRUE"
"Row16","FALSE"
"Row17","FALSE"
"Row18","TRUE"
"Row19","TRUE"
"Row20","TRUE"
"Row21","TRUE"
"Row22","FALSE"
"Row23","FALSE"
"Row24","FALSE"
"Row25","FALSE"
"Row26","FALSE"
"Row27","FALSE"
"Row28","FALSE"
"Row29","FALSE"
"Row30","FALSE"
"Row31","FALSE"
"Row32","TRUE"
"Row33","TRUE"
"Row34","FALSE"
"Row35","FALSE"
"Row36","FALSE"
"Row37","FALSE"
"Row38","TRUE"
"Row39","FALSE"
"Row40","FALSE"
"Row41","TRUE"
"Row42","FALSE"
"Row43","FALSE"
"Row44","TRUE"
"Row45","FALSE"
"Row46","FALSE"
"Row47","FALSE"
"Row48","FALSE"
"Row49","FALSE"
"Row50","FALSE"
"Row51","TRUE"
"Row52","FALSE"
"Row53","FALSE"
"Row54","TRUE"
"Row55","FALSE"
"Row56","TRUE"
"Row57","TRUE"
"Row58","FALSE"
"Row59","FALSE"
"Row60","FALSE"
"Row61","TRUE"
"Row62","FALSE"
"Row63","FALSE"
"Row64","TRUE"
"Row65","FALSE"
"Row66","TRUE"
"Row67","FALSE"
"Row68","TRUE"
"Row69","TRUE"
"Row70","FALSE"
"Row71","TRUE"
"Row72","FALSE"
"Row73","TRUE"
"Row74","TRUE"
"Row75","TRUE"
"Row76","FALSE"
"Row77","FALSE"
"Row78","TRUE"
"Row79","FALSE"
"Row80","FALSE"
"Row81","TRUE"
"Row82","TRUE"
"Row83","TRUE"
"Row84","TRUE"
"Row85","FALSE"
"Row86","FALSE"
"Row87","FALSE"
"Row88","TRUE"
"Row89","FALSE"
"Row90","FALSE"
"Row91","TRUE"
"Row92","FALSE"
"Row93","FALSE"
"Row94","TRUE"
"Row95","FALSE"
"Row96","FALSE"
"Row97","TRUE"
"Row98","FALSE"
"Row99","FALSE"
"Row100","FALSE"
"Row101","TRUE"
"Row102","TRUE"
"Row103","FALSE"
"Row104","FALSE"
"Row105","FALSE"
"Row106","FALSE"
"Row107","TRUE"
"Row108","FALSE"
"Row109","FALSE"
"Row110","FALSE"
"Row111","TRUE"
"Row112","TRUE"
"Row113","FALSE"
"Row114","FALSE"
"Row115","FALSE"
"Row116","TRUE"
"Row117","TRUE"
"Row118","FALSE"
"Row119","FALSE"
"Row120","TRUE"
"Row121","TRUE"
"Row122","FALSE"
"Row123","TRUE"
"Row124","FALSE"
"Row125","TRUE"
"Row126","FALSE"
"Row127","TRUE"
"Row128","TRUE"
"Row129","TRUE"
"Row130","FALSE"
"Row131","TRUE"
"Row132","FALSE"
"Row133","FALSE"
"Row134","FALSE"
"Row135","FALSE"
"Row136","FALSE"
"Row137","FALSE"
"Row138","TRUE"
"Row139","FALSE"
"Row140","FALSE"
"Row141","FALSE"
"Row142","TRUE"
"Row143","FALSE"
"Row144","TRUE"
"Row145","TRUE"
"Row146","TRUE"
"Row147","FALSE"
"Row148","FALSE"
"Row149","TRUE"
"Row150","TRUE"
"Row151","FALSE"
"Row152","FALSE"
"Row153","TRUE"
"Row154","FALSE"
"Row155","TRUE"
"Row156","FALSE"
"Row157","TRUE"
"Row158","FALSE"
"Row159","TRUE"
"Row160","FALSE"
"Row161","FALSE"
"Row162","TRUE"
"Row163","FALSE"
"Row164","FALSE"
"Row165","TRUE"
"Row166","FALSE"
"Row167","TRUE"
"Row168","TRUE"
"Row169","TRUE"
"Row170","FALSE"
"Row171","FALSE"
"Row172","FALSE"
"Row173","TRUE"
"Row174","FALSE"
"Row175","TRUE"
"Row176","FALSE"
"Row177","FALSE"
"Row178","TRUE"
"Row179","FALSE"
"Row180","FALSE"
"Row181","FALSE"
"Row182","FALSE"
"Row183","TRUE"
"Row184","FALSE"
"Row185","FALSE"
"Row186","TRUE"
"Row187","FALSE"
"Row188","FALSE"
"Row189","FALSE"
"Row190","TRUE"
"Row191","FALSE"
"Row192","FALSE"
"Row193","TRUE"
"Row194","FALSE"
"Row195","FALSE"
"Row196","FALSE"
"Row197","TRUE"
"Row198","FALSE"
"Row199","FALSE"
"Row200","TRUE"
"Row201","FALSE"
"Row202","FALSE"
"Row203","FALSE"
"Row204","FALSE"
"Row205","FALSE"
"Row206","FALSE"
"Row207","TRUE"
"Row208","TRUE"
"Row209","FALSE"
"Row210","FALSE"
"Row211","FALSE"
"Row212","FALSE"
"Row213","FALSE"
"Row214","FALSE"
"Row215","FALSE"
"Row216","FALSE"
"Row217","FALSE"
"Row218","FALSE"
"Row219","FALSE"
"Row220","FALSE"
"Row221","FALSE"
"Row222","FALSE"
"Row223","TRUE"
"Row224","FALSE"
"Row225","TRUE"
"Row226","TRUE"
"Row227","FALSE"
"Row228","FALSE"
"Row229","FALSE"
"Row230","FALSE"
"Row231","FALSE"
"Row232","TRUE"
"Row233","FALSE"
"Row234","FALSE"
"Row235","FALSE"
"Row236","FALSE"
"Row237","FALSE"
"Row238","FALSE"
"Row239","FALSE"
"Row240","FALSE"
"Row241","FALSE"
"Row242","FALSE"
"Row243","FALSE"
"Row244","TRUE"
"Row245","FALSE"
"Row246","FALSE"
"Row247","TRUE"
"Row248","FALSE"
"Row249","FALSE"
"Row250","FALSE"
"Row251","TRUE"
"Row252","FALSE"
"Row253","TRUE"
"Row254","TRUE"
"Row255","FALSE"
"Row256","FALSE"
"Row257","TRUE"
"Row258","FALSE"
"Row259","TRUE"
"Row260","FALSE"
"Row261","FALSE"
"Row262","TRUE"
"Row263","FALSE"
"Row264","FALSE"
"Row265","TRUE"
"Row266","FALSE"
"Row267","TRUE"
"Row268","FALSE"
"Row269","FALSE"
"Row270","FALSE"
"Row271","TRUE"
"Row272","FALSE"
"Row273","FALSE"
"Row274","FALSE"
"Row275","FALSE"
"Row276","FALSE"
"Row277","TRUE"
"Row278","FALSE"
"Row279","FALSE"
"Row280","TRUE"
"Row281","FALSE"
"Row282","FALSE"
"Row283","FALSE"
"Row284","TRUE"
"Row285","TRUE"
"Row286","FALSE"
"Row287","FALSE"
"Row288","TRUE"
"Row289","TRUE"
"Row290","TRUE"
"Row291","TRUE"
"Row292","FALSE"
"Row293","FALSE"
"Row294","FALSE"
"Row295","FALSE"
"Row296","FALSE"
"Row297","FALSE"
"Row298","FALSE"
"Row299","FALSE"
"Row300","FALSE"
"Row301","FALSE"
"Row302","FALSE"
"Row303","TRUE"
"Row304","FALSE"
"Row305","FALSE"
"Row306","FALSE"
"Row307","FALSE"
"Row308","FALSE"
"Row309","TRUE"
"Row310","FALSE"
"Row311","TRUE"
"Row312","FALSE"
"Row313","FALSE"
"Row314","FALSE"
"Row315","FALSE"
"Row316","FALSE"
"Row317","FALSE"
"Row318","FALSE"
"Row319","FALSE"
"Row320","FALSE"
"Row321","FALSE"
"Row322","FALSE"
"Row323","FALSE"
"Row324","FALSE"
"Row325","FALSE"
"Row326","FALSE"
"Row327","FALSE"
"Row328","FALSE"
"Row329","FALSE"
"Row330","FALSE"
"Row331","FALSE"
"Row332","FALSE"
"Row333","FALSE"
"Row334","TRUE"
"Row335","FALSE"
"Row336","FALSE"
"Row337","FALSE"
"Row338","TRUE"
"Row339","FALSE"
"Row340","FALSE"
"Row341","FALSE"
"Row342","FALSE"
"Row343","FALSE"
"Row344","FALSE"
"Row345","FALSE"
"Row346","FALSE"
"Row347","FALSE"
"Row348","FALSE"
"Row349","FALSE"
"Row350","FALSE"
"Row351","TRUE"
"Row352","FALSE"
"Row353","FALSE"
"Row354","FALSE"
"Row355","FALSE"
"Row356","FALSE"
"Row357","FALSE"
"Row358","FALSE"
"Row359","FALSE"
"Row360","TRUE"
"Row361","FALSE"
"Row362","TRUE"
"Row363","FALSE"
"Row364","TRUE"
"Row365","TRUE"
"Row366","FALSE"
"Row367","TRUE"
"Row368","FALSE"
"Row369","FALSE"
"Row370","FALSE"
"Row371","FALSE"
"Row372","TRUE"
"Row373","FALSE"
"Row374","FALSE"
"Row375","TRUE"
"Row376","FALSE"
"Row377","TRUE"
"Row378","FALSE"
"Row379","FALSE"
"Row380","FALSE"
"Row381","FALSE"
"Row382","FALSE"
"Row383","FALSE"
"Row384","TRUE"
"Row385","FALSE"
"Row386","FALSE"
"Row387","FALSE"
"Row388","FALSE"
"Row389","FALSE"
"Row390","TRUE"
"Row391","FALSE"
"Row392","TRUE"
"Row393","FALSE"
"Row394","FALSE"
"Row395","FALSE"
"Row396","FALSE"
"Row397","FALSE"
"Row398","FALSE"
"Row399","FALSE"
"Row400","FALSE"
"Row401","FALSE"
"Row402","FALSE"
"Row403","FALSE"
"Row404","FALSE"
"Row405","TRUE"
"Row406","FALSE"
"Row407","FALSE"
"Row408","FALSE"
"Row409","TRUE"
"Row410","TRUE"
"Row411","TRUE"
"Row412","FALSE"
"Row413","FALSE"
"Row414","FALSE"
"Row415","FALSE"
"Row416","FALSE"
"Row417","TRUE"
"Row418","FALSE"
"Row419","FALSE"
"Row420","FALSE"
"Row421","FALSE"
"Row422","FALSE"
"Row423","TRUE"
"Row424","FALSE"
"Row425","FALSE"
"Row426","FALSE"
"Row427","FALSE"
"Row428","FALSE"
"Row429","TRUE"
"Row430","TRUE"
"Row431","FALSE"
"Row432","TRUE"
"Row433","TRUE"
"Row434","TRUE"
"Row435","FALSE"
"Row436","TRUE"
"Row437","TRUE"
"Row438","FALSE"
"Row439","FALSE"
"Row440","TRUE"
"Row441","FALSE"
"Row442","FALSE"
"Row443","FALSE"
"Row444","FALSE"
"Row445","FALSE"
"Row446","FALSE"
"Row447","TRUE"
"Row448","FALSE"
"Row449","FALSE"
"Row450","FALSE"
"Row451","TRUE"
"Row452","TRUE"
"Row453","FALSE"
"Row454","TRUE"
"Row455","TRUE"
"Row456","FALSE"
"Row457","FALSE"
"Row458","FALSE"
"Row459","FALSE"
"Row460","FALSE"
"Row461","TRUE"
"Row462","FALSE"
"Row463","FALSE"
"Row464","FALSE"
"Row465","TRUE"
"Row466","TRUE"
"Row467","FALSE"
"Row468","TRUE"
"Row469","FALSE"
"Row470","FALSE"
"Row471","TRUE"
"Row472","FALSE"
"Row473","FALSE"
"Row474","FALSE"
"Row475","TRUE"
"Row476","FALSE"
"Row477","FALSE"
"Row478","FALSE"
"Row479","FALSE"
"Row480","TRUE"
"Row481","TRUE"
"Row482","FALSE"
"Row483","FALSE"
"Row484","FALSE"
"Row485","FALSE"
"Row486","TRUE"
"Row487","TRUE"
"Row488","FALSE"
"Row489","TRUE"
"Row490","TRUE"
"Row491","TRUE"
"Row492","FALSE"
"Row493","TRUE"
"Row494","FALSE"
"Row495","FALSE"
"Row496","FALSE"
"Row497","FALSE"
"Row498","FALSE"
"Row499","TRUE"
"Row500","FALSE"
"Row501","FALSE"
"Row502","TRUE"
"Row503","TRUE"
"Row504","TRUE"
"Row505","TRUE"
"Row506","FALSE"
"Row507","TRUE"
"Row508","TRUE"
"Row509","FALSE"
"Row510","FALSE"
"Row511","TRUE"
"Row512","FALSE"
"Row513","TRUE"
"Row514","TRUE"
"Row515","TRUE"
"Row516","FALSE"
"Row517","TRUE"
"Row518","TRUE"
"Row519","FALSE"
"Row520","FALSE"
"Row521","FALSE"
"Row522","FALSE"
"Row523","FALSE"
"Row524","FALSE"
"Row525","FALSE"
"Row526","TRUE"
"Row527","FALSE"
"Row528","FALSE"
"Row529","TRUE"
"Row530","TRUE"
"Row531","TRUE"
"Row532","FALSE"
"Row533","FALSE"
"Row534","FALSE"
"Row535","TRUE"
"Row536","TRUE"
"Row537","TRUE"
"Row538","FALSE"
"Row539","FALSE"
"Row540","FALSE"
"Row541","FALSE"
"Row542","FALSE"
"Row543","TRUE"
"Row544","TRUE"
"Row545","TRUE"
"Row546","TRUE"
"Row547","FALSE"
"Row548","FALSE"
"Row549","FALSE"
"Row550","FALSE"
"Row551","TRUE"
"Row552","TRUE"
"Row553","FALSE"
"Row554","FALSE"
"Row555","FALSE"
"Row556","FALSE"
"Row557","FALSE"
"Row558","FALSE"
"Row559","FALSE"
"Row560","TRUE"
"Row561","FALSE"
"Row562","TRUE"
"Row563","FALSE"
"Row564","FALSE"
"Row565","FALSE"
"Row566","TRUE"
"Row567","TRUE"
"Row568","FALSE"
"Row569","FALSE"
"Row570","TRUE"
"Row571","FALSE"
"Row572","TRUE"
"Row573","TRUE"
"Row574","FALSE"
"Row575","FALSE"
"Row576","TRUE"
"Row577","FALSE"
"Row578","FALSE"
"Row579","FALSE"
"Row580","FALSE"
"Row581","FALSE"
"Row582","FALSE"
"Row583","TRUE"
"Row584","FALSE"
"Row585","FALSE"
"Row586","FALSE"
"Row587","TRUE"
"Row588","FALSE"
"Row589","FALSE"
"Row590","TRUE"
"Row591","FALSE"
"Row592","TRUE"
"Row593","FALSE"
"Row594","TRUE"
"Row595","FALSE"
"Row596","FALSE"
"Row597","TRUE"
"Row598","FALSE"
"Row599","FALSE"
"Row600","TRUE"
"Row601","TRUE"
"Row602","TRUE"
"Row603","FALSE"
"Row604","FALSE"
"Row605","TRUE"
"Row606","TRUE"
"Row607","TRUE"
"Row608","TRUE"
"Row609","TRUE"
"Row610","TRUE"
"Row611","FALSE"
"Row612","FALSE"
"Row613","TRUE"
"Row614","FALSE"
"Row615","FALSE"
"Row616","TRUE"
"Row617","FALSE"
"Row618","TRUE"
"Row619","FALSE"
"Row620","FALSE"
"Row621","FALSE"
"Row622","FALSE"
"Row623","TRUE"
"Row624","TRUE"
"Row625","TRUE"
"Row626","FALSE"
"Row627","FALSE"
"Row628","TRUE"
"Row629","FALSE"
"Row630","FALSE"
"Row631","FALSE"
"Row632","FALSE"
"Row633","FALSE"
"Row634","FALSE"
"Row635","FALSE"
"Row636","FALSE"
"Row637","FALSE"
"Row638","FALSE"
"Row639","FALSE"
"Row640","FALSE"
"Row641","FALSE"
"Row642","FALSE"
"Row643","FALSE"
"Row644","FALSE"
"Row645","TRUE"
"Row646","FALSE"
"Row647","FALSE"
"Row648","FALSE"
"Row649","FALSE"
"Row650","FALSE"
"Row651","TRUE"
"Row652","FALSE"
"Row653","TRUE"
"Row654","FALSE"
"Row655","FALSE"
"Row656","FALSE"
"Row657","FALSE"
"Row658","TRUE"
"Row659","FALSE"
"Row660","FALSE"
"Row661","FALSE"
"Row662","FALSE"
"Row663","FALSE"
"Row664","FALSE"
"Row665","FALSE"
"Row666","TRUE"
"Row667","TRUE"
"Row668","FALSE"
"Row669","TRUE"
"Row670","FALSE"
"Row671","TRUE"
"Row672","FALSE"
"Row673","TRUE"
"Row674","FALSE"
"Row675","FALSE"
"Row676","FALSE"
"Row677","FALSE"
"Row678","FALSE"
"Row679","TRUE"
"Row680","TRUE"
"Row681","FALSE"
"Row682","FALSE"
"Row683","FALSE"
"Row684","FALSE"
"Row685","TRUE"
"Row686","FALSE"
"Row687","FALSE"
"Row688","FALSE"
"Row689","FALSE"
"Row690","TRUE"
"Row691","FALSE"
"Row692","TRUE"
"Row693","FALSE"
"Row694","FALSE"
"Row695","FALSE"
"Row696","FALSE"
"Row697","FALSE"
"Row698","TRUE"
"Row699","FALSE"
"Row700","FALSE"
"Row701","FALSE"
"Row702","FALSE"
"Row703","FALSE"
"Row704","TRUE"
"Row705","TRUE"
"Row706","FALSE"
"Row707","FALSE"
"Row708","FALSE"
"Row709","TRUE"
"Row710","FALSE"
"Row711","FALSE"
"Row712","FALSE"
"Row713","TRUE"
"Row714","TRUE"
"Row715","FALSE"
"Row716","TRUE"
"Row717","FALSE"
"Row718","FALSE"
"Row719","TRUE"
"Row720","FALSE"
"Row721","TRUE"
"Row722","FALSE"
"Row723","FALSE"
"Row724","FALSE"
"Row725","FALSE"
"Row726","TRUE"
"Row727","TRUE"
"Row728","FALSE"
"Row729","FALSE"
"Row730","FALSE"
"Row731","FALSE"
"Row732","FALSE"
"Row733","FALSE"
"Row734","FALSE"
"Row735","FALSE"
"Row736","TRUE"
"Row737","FALSE"
"Row738","FALSE"
"Row739","FALSE"
"Row740","FALSE"
"Row741","FALSE"
"Row742","TRUE"
"Row743","FALSE"
"Row744","FALSE"
"Row745","FALSE"
"Row746","FALSE"
"Row747","FALSE"
"Row748","FALSE"
"Row749","FALSE"
"Row750","FALSE"
"Row751","FALSE"
"Row752","FALSE"
"Row753","FALSE"
"Row754","FALSE"
"Row755","FALSE"
"Row756","FALSE"
"Row757","FALSE"
"Row758","FALSE"
"Row759","FALSE"
"Row760","FALSE"
"Row761","TRUE"
"Row762","FALSE"
"Row763","FALSE"
"Row764","TRUE"
"Row765","FALSE"
"Row766","FALSE"
"Row767","TRUE"
"Row768","FALSE"
"Row769","FALSE"
"Row770","FALSE"
"Row771","FALSE"
"Row772","TRUE"
"Row773","TRUE"
"Row774","TRUE"
"Row775","FALSE"
"Row776","TRUE"
"Row777","FALSE"
"Row778","TRUE"
"Row779","FALSE"
"Row780","FALSE"
"Row781","TRUE"
"Row782","FALSE"
"Row783","FALSE"
"Row784","TRUE"
"Row785","FALSE"
"Row786","FALSE"
"Row787","FALSE"
"Row788","TRUE"
"Row789","TRUE"
"Row790","FALSE"
"Row791","FALSE"
"Row792","TRUE"
"Row793","TRUE"
"Row794","TRUE"
"Row795","FALSE"
"Row796","FALSE"
"Row797","TRUE"
"Row798","TRUE"
"Row799","FALSE"
"Row800","FALSE"
"Row801","FALSE"
"Row802","FALSE"
"Row803","FALSE"
"Row804","TRUE"
"Row805","TRUE"
"Row806","TRUE"
"Row807","FALSE"
"Row808","TRUE"
"Row809","FALSE"
"Row810","FALSE"
"Row811","FALSE"
"Row812","TRUE"
"Row813","FALSE"
"Row814","TRUE"
"Row815","TRUE"
"Row816","TRUE"
"Row817","TRUE"
"Row818","TRUE"
"Row819","TRUE"
"Row820","FALSE"
"Row821","TRUE"
"Row822","FALSE"
"Row823","FALSE"
"Row824","TRUE"
"Row825","TRUE"
"Row826","TRUE"
"Row827","FALSE"
"Row828","FALSE"
"Row829","TRUE"
"Row830","FALSE"
"Row831","FALSE"
"Row832","TRUE"
"Row833","FALSE"
"Row834","TRUE"
"Row835","FALSE"
"Row836","FALSE"
"Row837","FALSE"
"Row838","FALSE"
"Row839","FALSE"
"Row840","FALSE"
"Row841","TRUE"
"Row842","FALSE"
"Row843","FALSE"
"Row844","FALSE"
"Row845","FALSE"
"Row846","FALSE"
"Row847","FALSE"
"Row848","FALSE"
"Row849","FALSE"
"Row850","FALSE"
"Row851","FALSE"
"Row852","FALSE"
"Row853","TRUE"
"Row854","FALSE"
"Row855","FALSE"
"Row856","FALSE"
"Row857","FALSE"
"Row858","FALSE"
"Row859","FALSE"
"Row860","FALSE"
"Row861","FALSE"
"Row862","FALSE"
"Row863","FALSE"
"Row864","TRUE"
"Row865","TRUE"
"Row866","FALSE"
"Row867","FALSE"
"Row868","FALSE"
"Row869","FALSE"
"Row870","TRUE"
"Row871","TRUE"
"Row872","TRUE"
"Row873","TRUE"
"Row874","FALSE"
"Row875","FALSE"
"Row876","FALSE"
"Row877","TRUE"
"Row878","FALSE"
"Row879","TRUE"
"Row880","FALSE"
"Row881","FALSE"
"Row882","FALSE"
"Row883","TRUE"
"Row884","TRUE"
"Row885","FALSE"
"Row886","TRUE"
"Row887","TRUE"
"Row888","TRUE"
"Row889","TRUE"
"Row890","FALSE"
"Row891","TRUE"
"Row892","TRUE"
"Row893","TRUE"
"Row894","TRUE"
"Row895","TRUE"
"Row896","TRUE"
"Row897","TRUE"
"Row898","FALSE"
"Row899","FALSE"
"Row900","FALSE"
"Row901","FALSE"
"Row902","FALSE"
"Row903","TRUE"
"Row904","FALSE"
"Row905","FALSE"
"Row906","FALSE"
"Row907","FALSE"
"Row908","FALSE"
"Row909","FALSE"
"Row910","FALSE"
"Row911","FALSE"
"Row912","FALSE"
"Row913","FALSE"
"Row914","TRUE"
"Row915","FALSE"
"Row916","FALSE"
"Row917","FALSE"
"Row918","TRUE"
"Row919","FALSE"
"Row920","FALSE"
"Row921","FALSE"
"Row922","FALSE"
"Row923","TRUE"
"Row924","FALSE"
"Row925","FALSE"
"Row926","TRUE"
"Row927","TRUE"
"Row928","FALSE"
"Row929","FALSE"
"Row930","FALSE"
"Row931","FALSE"
"Row932","FALSE"
"Row933","TRUE"
"Row934","FALSE"
"Row935","TRUE"
"Row936","FALSE"
"Row937","FALSE"
"Row938","TRUE"
"Row939","FALSE"
"Row940","FALSE"
"Row941","TRUE"
"Row942","TRUE"
"Row943","TRUE"
"Row944","TRUE"
"Row945","TRUE"
"Row946","TRUE"
"Row947","TRUE"
"Row948","FALSE"
"Row949","FALSE"
"Row950","TRUE"
"Row951","TRUE"
"Row952","TRUE"
"Row953","TRUE"
"Row954","TRUE"
"Row955","FALSE"
"Row956","TRUE"
"Row957","TRUE"
"Row958","FALSE"
"Row959","FALSE"
"Row960","TRUE"
"Row961","FALSE"
"Row962","TRUE"
"Row963","FALSE"
"Row964","TRUE"
"Row965","TRUE"
"Row966","FALSE"
"Row967","TRUE"
"Row968","FALSE"
"Row969","FALSE"
"Row970","FALSE"
"Row971","FALSE"
"Row972","FALSE"
"Row973","FALSE"
"Row974","FALSE"
"Row975","FALSE"
"Row976","FALSE"
"Row977","FALSE"
"Row978","FALSE"
"Row979","FALSE"
"Row980","FALSE"
"Row981","FALSE"
"Row982","FALSE"
"Row983","TRUE"
"Row984","FALSE"
"Row985","FALSE"
"Row986","FALSE"
"Row987","TRUE"
"Row988","TRUE"
"Row989","FALSE"
"Row990","FALSE"
"Row991","FALSE"
"Row992","TRUE"
"Row993","FALSE"
"Row994","FALSE"
"Row995","FALSE"
"Row996","FALSE"
"Row997","TRUE"
"Row998","FALSE"
"Row999","FALSE"
"Row1000","TRUE"
"Row1001","FALSE"
"Row1002","FALSE"
"Row1003","TRUE"
"Row1004","TRUE"
"Row1005","TRUE"
"Row1006","FALSE"
"Row1007","FALSE"
"Row1008","FALSE"
"Row1009","FALSE"
"Row1010","FALSE"
"Row1011","FALSE"
"Row1012","TRUE"
"Row1013","FALSE"
"Row1014","FALSE"
"Row1015","FALSE"
"Row1016","FALSE"
"Row1017","FALSE"
"Row1018","FALSE"
"Row1019","FALSE"
"Row1020","FALSE"
"Row1021","FALSE"
"Row1022","FALSE"
"Row1023","FALSE"
"Row1024","FALSE"
"Row1025","FALSE"
"Row1026","FALSE"
"Row1027","FALSE"
"Row1028","FALSE"
"Row1029","FALSE"
"Row1030","FALSE"
"Row1031","FALSE"
"Row1032","FALSE"
"Row1033","FALSE"
"Row1034","FALSE"
"Row1035","FALSE"
"Row1036","FALSE"
"Row1037","FALSE"
"Row1038","FALSE"
"Row1039","FALSE"
"Row1040","FALSE"
"Row1041","FALSE"
"Row1042","FALSE"
"Row1043","FALSE"
"Row1044","TRUE"
"Row1045","TRUE"
"Row1046","FALSE"
"Row1047","FALSE"
"Row1048","TRUE"
"Row1049","FALSE"
"Row1050","FALSE"
"Row1051","TRUE"
"Row1052","TRUE"
"Row1053","TRUE"
"Row1054","FALSE"
"Row1055","TRUE"
"Row1056","TRUE"
"Row1057","TRUE"
"Row1058","FALSE"
"Row1059","TRUE"
"Row1060","FALSE"
"Row1061","FALSE"
"Row1062","TRUE"
"Row1063","FALSE"
"Row1064","FALSE"
"Row1065","FALSE"
"Row1066","TRUE"
"Row1067","FALSE"
"Row1068","FALSE"
"Row1069","TRUE"
"Row1070","TRUE"
"Row1071","FALSE"
"Row1072","FALSE"
"Row1073","FALSE"
"Row1074","TRUE"
"Row1075","FALSE"
"Row1076","FALSE"
"Row1077","FALSE"
"Row1078","FALSE"
"Row1079","FALSE"
"Row1080","TRUE"
"Row1081","FALSE"
"Row1082","FALSE"
"Row1083","FALSE"
"Row1084","FALSE"
"Row1085","FALSE"
"Row1086","FALSE"
"Row1087","FALSE"
"Row1088","FALSE"
"Row1089","FALSE"
"Row1090","FALSE"
"Row1091","FALSE"
"Row1092","FALSE"
"Row1093","FALSE"
"Row1094","FALSE"
"Row1095","TRUE"
"Row1096","TRUE"
"Row1097","FALSE"
"Row1098","TRUE"
"Row1099","FALSE"
"Row1100","FALSE"
"Row1101","FALSE"
"Row1102","FALSE"
"Row1103","TRUE"
"Row1104","FALSE"
"Row1105","FALSE"
"Row1106","FALSE"
"Row1107","FALSE"
"Row1108","FALSE"
"Row1109","TRUE"
"Row1110","FALSE"
"Row1111","TRUE"
"Row1112","FALSE"
"Row1113","FALSE"
"Row1114","FALSE"
"Row1115","FALSE"
"Row1116","FALSE"
"Row1117","TRUE"
"Row1118","FALSE"
"Row1119","FALSE"
"Row1120","FALSE"
"Row1121","FALSE"
"Row1122","FALSE"
"Row1123","FALSE"
"Row1124","FALSE"
"Row1125","TRUE"
"Row1126","TRUE"
"Row1127","FALSE"
"Row1128","FALSE"
"Row1129","TRUE"
"Row1130","FALSE"
"Row1131","TRUE"
"Row1132","FALSE"
"Row1133","FALSE"
"Row1134","FALSE"
"Row1135","FALSE"
"Row1136","FALSE"
"Row1137","FALSE"
"Row1138","FALSE"
"Row1139","FALSE"
"Row1140","TRUE"
"Row1141","TRUE"
"Row1142","FALSE"
"Row1143","FALSE"
"Row1144","TRUE"
"Row1145","TRUE"
"Row1146","FALSE"
"Row1147","TRUE"
"Row1148","FALSE"
"Row1149","FALSE"
"Row1150","TRUE"
"Row1151","FALSE"
"Row1152","FALSE"
"Row1153","FALSE"
"Row1154","FALSE"
"Row1155","TRUE"
"Row1156","TRUE"
"Row1157","FALSE"
"Row1158","FALSE"
"Row1159","TRUE"
"Row1160","FALSE"
"Row1161","TRUE"
"Row1162","FALSE"
"Row1163","FALSE"
"Row1164","FALSE"
"Row1165","FALSE"
"Row1166","TRUE"
"Row1167","FALSE"
"Row1168","TRUE"
"Row1169","TRUE"
"Row1170","FALSE"
"Row1171","TRUE"
"Row1172","FALSE"
"Row1173","FALSE"
"Row1174","TRUE"
"Row1175","TRUE"
"Row1176","FALSE"
"Row1177","FALSE"
"Row1178","FALSE"
"Row1179","FALSE"
"Row1180","TRUE"
"Row1181","TRUE"
"Row1182","FALSE"
"Row1183","FALSE"
"Row1184","FALSE"
"Row1185","TRUE"
"Row1186","FALSE"
"Row1187","FALSE"
"Row1188","TRUE"
"Row1189","FALSE"
"Row1190","TRUE"
"Row1191","FALSE"
"Row1192","FALSE"
"Row1193","FALSE"
"Row1194","FALSE"
"Row1195","FALSE"
"Row1196","FALSE"
"Row1197","FALSE"
"Row1198","FALSE"
"Row1199","FALSE"
"Row1200","FALSE"
"Row1201","FALSE"
"Row1202","FALSE"
"Row1203","FALSE"
"Row1204","TRUE"
"Row1205","FALSE"
"Row1206","FALSE"
"Row1207","TRUE"
"Row1208","TRUE"
"Row1209","FALSE"
"Row1210","FALSE"
"Row1211","FALSE"
"Row1212","FALSE"
"Row1213","FALSE"
"Row1214","FALSE"
"Row1215","FALSE"
"Row1216","FALSE"
"Row1217","FALSE"
"Row1218","FALSE"
"Row1219","FALSE"
"Row1220","FALSE"
"Row1221","FALSE"
"Row1222","FALSE"
"Row1223","FALSE"
"Row1224","FALSE"
"Row1225","TRUE"
"Row1226","FALSE"
"Row1227","FALSE"
"Row1228","FALSE"
"Row1229","FALSE"
"Row1230","FALSE"
"Row1231","FALSE"
"Row1232","FALSE"
"Row1233","FALSE"
"Row1234","FALSE"
"Row1235","FALSE"
"Row1236","FALSE"
"Row1237","FALSE"
"Row1238","FALSE"
"Row1239","FALSE"
"Row1240","FALSE"
"Row1241","TRUE"
"Row1242","FALSE"
"Row1243","FALSE"
"Row1244","FALSE"
"Row1245","TRUE"
"Row1246","FALSE"
"Row1247","TRUE"
"Row1248","FALSE"
"Row1249","TRUE"
"Row1250","TRUE"
"Row1251","TRUE"
"Row1252","FALSE"
"Row1253","FALSE"
"Row1254","FALSE"
"Row1255","TRUE"
"Row1256","TRUE"
"Row1257","TRUE"
"Row1258","TRUE"
"Row1259","TRUE"
"Row1260","TRUE"
"Row1261","FALSE"
"Row1262","FALSE"
"Row1263","TRUE"
"Row1264","TRUE"
"Row1265","FALSE"
"Row1266","FALSE"
"Row1267","TRUE"
"Row1268","TRUE"
"Row1269","TRUE"
"Row1270","FALSE"
"Row1271","FALSE"
"Row1272","FALSE"
"Row1273","TRUE"
"Row1274","TRUE"
"Row1275","FALSE"
"Row1276","FALSE"
"Row1277","FALSE"
"Row1278","TRUE"
"Row1279","FALSE"
"Row1280","FALSE"
"Row1281","TRUE"
"Row1282","TRUE"
"Row1283","FALSE"
"Row1284","TRUE"
"Row1285","TRUE"
"Row1286","TRUE"
"Row1287","FALSE"
"Row1288","FALSE"
"Row1289","FALSE"
"Row1290","FALSE"
"Row1291","FALSE"
"Row1292","FALSE"
"Row1293","FALSE"
"Row1294","FALSE"
"Row1295","FALSE"
"Row1296","FALSE"
"Row1297","FALSE"
"Row1298","FALSE"
"Row1299","FALSE"
"Row1300","TRUE"
"Row1301","TRUE"
"Row1302","FALSE"
"Row1303","FALSE"
"Row1304","FALSE"
"Row1305","TRUE"
"Row1306","TRUE"
"Row1307","FALSE"
"Row1308","FALSE"
"Row1309","FALSE"
"Row1310","FALSE"
"Row1311","FALSE"
"Row1312","FALSE"
"Row1313","FALSE"
"Row1314","FALSE"
"Row1315","FALSE"
"Row1316","FALSE"
"Row1317","FALSE"
"Row1318","TRUE"
"Row1319","TRUE"
"Row1320","FALSE"
"Row1321","FALSE"
"Row1322","FALSE"
"Row1323","FALSE"
"Row1324","FALSE"
"Row1325","FALSE"
"Row1326","FALSE"
"Row1327","FALSE"
"Row1328","FALSE"
"Row1329","FALSE"
"Row1330","FALSE"
"Row1331","FALSE"
"Row1332","FALSE"
"Row1333","FALSE"
"Row1334","FALSE"
"Row1335","FALSE"
"Row1336","FALSE"
"Row1337","FALSE"
"Row1338","FALSE"
"Row1339","FALSE"
"Row1340","FALSE"
"Row1341","FALSE"
"Row1342","TRUE"
"Row1343","FALSE"
"Row1344","FALSE"
"Row1345","FALSE"
"Row1346","FALSE"
"Row1347","FALSE"
"Row1348","FALSE"
"Row1349","FALSE"
"Row1350","FALSE"
"Row1351","FALSE"
"Row1352","TRUE"
"Row1353","FALSE"
"Row1354","FALSE"
"Row1355","TRUE"
"Row1356","FALSE"
"Row1357","FALSE"
"Row1358","FALSE"
"Row1359","FALSE"
"Row1360","FALSE"
"Row1361","FALSE"
"Row1362","FALSE"
"Row1363","FALSE"
"Row1364","FALSE"
"Row1365","FALSE"
"Row1366","FALSE"
"Row1367","TRUE"
"Row1368","TRUE"
"Row1369","TRUE"
"Row1370","TRUE"
"Row1371","TRUE"
"Row1372","TRUE"
"Row1373","TRUE"
"Row1374","TRUE"
"Row1375","TRUE"
"Row1376","TRUE"
"Row1377","TRUE"
"Row1378","TRUE"
"Row1379","TRUE"
"Row1380","TRUE"
"Row1381","FALSE"
"Row1382","TRUE"
"Row1383","TRUE"
"Row1384","TRUE"
"Row1385","FALSE"
"Row1386","FALSE"
"Row1387","FALSE"
"Row1388","TRUE"
"Row1389","FALSE"
"Row1390","FALSE"
"Row1391","TRUE"
"Row1392","FALSE"
"Row1393","TRUE"
"Row1394","TRUE"
"Row1395","FALSE"
"Row1396","TRUE"
"Row1397","FALSE"
"Row1398","FALSE"
"Row1399","FALSE"
"Row1400","TRUE"
"Row1401","TRUE"
"Row1402","TRUE"
"Row1403","FALSE"
"Row1404","TRUE"
"Row1405","FALSE"
"Row1406","FALSE"
"Row1407","TRUE"
"Row1408","FALSE"
"Row1409","FALSE"
"Row1410","FALSE"
"Row1411","FALSE"
"Row1412","TRUE"
"Row1413","TRUE"
"Row1414","FALSE"
"Row1415","TRUE"
"Row1416","TRUE"
"Row1417","TRUE"
"Row1418","TRUE"
"Row1419","TRUE"
"Row1420","TRUE"
"Row1421","TRUE"
"Row1422","TRUE"
"Row1423","TRUE"
"Row1424","TRUE"
"Row1425","FALSE"
"Row1426","FALSE"
"Row1427","FALSE"
"Row1428","FALSE"
"Row1429","FALSE"
"Row1430","FALSE"
"Row1431","FALSE"
"Row1432","FALSE"
"Row1433","FALSE"
"Row1434","TRUE"
"Row1435","FALSE"
"Row1436","FALSE"
"Row1437","FALSE"
"Row1438","FALSE"
"Row1439","FALSE"
"Row1440","FALSE"
"Row1441","FALSE"
"Row1442","FALSE"
"Row1443","FALSE"
"Row1444","FALSE"
"Row1445","FALSE"
"Row1446","FALSE"
"Row1447","TRUE"
"Row1448","FALSE"
"Row1449","FALSE"
"Row1450","FALSE"
"Row1451","FALSE"
"Row1452","FALSE"
"Row1453","FALSE"
"Row1454","FALSE"
"Row1455","FALSE"
"Row1456","FALSE"
"Row1457","FALSE"
"Row1458","FALSE"
"Row1459","FALSE"
"Row1460","FALSE"
"Row1461","FALSE"
"Row1462","FALSE"
"Row1463","FALSE"
"Row1464","FALSE"
"Row1465","FALSE"
"Row1466","FALSE"
"Row1467","FALSE"
"Row1468","FALSE"
"Row1469","FALSE"
"Row1470","FALSE"
"Row1471","FALSE"
"Row1472","FALSE"
"Row1473","FALSE"
"Row1474","FALSE"
"Row1475","TRUE"
"Row1476","FALSE"
"Row1477","TRUE"
"Row1478","FALSE"
"Row1479","TRUE"
"Row1480","TRUE"
"Row1481","TRUE"
"Row1482","FALSE"
"Row1483","TRUE"
"Row1484","FALSE"
"Row1485","TRUE"
"Row1486","TRUE"
"Row1487","TRUE"
"Row1488","FALSE"
"Row1489","TRUE"
"Row1490","FALSE"
"Row1491","FALSE"
"Row1492","TRUE"
"Row1493","FALSE"
"Row1494","TRUE"
"Row1495","FALSE"
"Row1496","FALSE"
"Row1497","FALSE"
"Row1498","FALSE"
"Row1499","FALSE"
"Row1500","FALSE"
"Row1501","TRUE"
"Row1502","FALSE"
"Row1503","FALSE"
"Row1504","FALSE"
"Row1505","FALSE"
"Row1506","FALSE"
"Row1507","FALSE"
"Row1508","FALSE"
"Row1509","FALSE"
"Row1510","FALSE"
"Row1511","FALSE"
"Row1512","FALSE"
"Row1513","FALSE"
"Row1514","FALSE"
"Row1515","FALSE"
"Row1516","FALSE"
"Row1517","FALSE"
"Row1518","FALSE"
"Row1519","TRUE"
"Row1520","FALSE"
"Row1521","FALSE"
"Row1522","FALSE"
"Row1523","FALSE"
"Row1524","FALSE"
"Row1525","TRUE"
"Row1526","TRUE"
"Row1527","FALSE"
"Row1528","FALSE"
"Row1529","FALSE"
"Row1530","FALSE"
"Row1531","TRUE"
"Row1532","FALSE"
"Row1533","FALSE"
"Row1534","FALSE"
"Row1535","TRUE"
"Row1536","FALSE"
"Row1537","FALSE"
"Row1538","FALSE"
"Row1539","FALSE"
"Row1540","FALSE"
"Row1541","FALSE"
"Row1542","FALSE"
"Row1543","TRUE"
"Row1544","FALSE"
"Row1545","FALSE"
"Row1546","FALSE"
"Row1547","FALSE"
"Row1548","FALSE"
"Row1549","TRUE"
"Row1550","TRUE"
"Row1551","TRUE"
"Row1552","FALSE"
"Row1553","FALSE"
"Row1554","FALSE"
"Row1555","FALSE"
"Row1556","FALSE"
"Row1557","FALSE"
"Row1558","FALSE"
"Row1559","FALSE"
"Row1560","FALSE"
"Row1561","TRUE"
"Row1562","TRUE"
"Row1563","FALSE"
"Row1564","FALSE"
"Row1565","FALSE"
"Row1566","FALSE"
"Row1567","FALSE"
"Row1568","TRUE"
"Row1569","FALSE"
"Row1570","FALSE"
"Row1571","FALSE"
"Row1572","FALSE"
"Row1573","FALSE"
"Row1574","TRUE"
"Row1575","FALSE"
"Row1576","FALSE"
"Row1577","FALSE"
"Row1578","TRUE"
"Row1579","TRUE"
"Row1580","TRUE"
"Row1581","FALSE"
"Row1582","FALSE"
"Row1583","FALSE"
"Row1584","FALSE"
"Row1585","FALSE"
"Row1586","TRUE"
"Row1587","FALSE"
"Row1588","FALSE"
"Row1589","FALSE"
"Row1590","FALSE"
"Row1591","FALSE"
"Row1592","TRUE"
"Row1593","TRUE"
"Row1594","FALSE"
"Row1595","FALSE"
"Row1596","TRUE"
"Row1597","FALSE"
"Row1598","FALSE"
"Row1599","FALSE"
"Row1600","FALSE"
"Row1601","FALSE"
"Row1602","FALSE"
"Row1603","FALSE"
"Row1604","FALSE"
"Row1605","TRUE"
"Row1606","FALSE"
"Row1607","FALSE"
"Row1608","FALSE"
"Row1609","TRUE"
"Row1610","FALSE"
"Row1611","TRUE"
"Row1612","TRUE"
"Row1613","FALSE"
"Row1614","FALSE"
"Row1615","TRUE"
"Row1616","FALSE"
"Row1617","FALSE"
"Row1618","FALSE"
"Row1619","FALSE"
"Row1620","FALSE"
"Row1621","TRUE"
"Row1622","FALSE"
"Row1623","TRUE"
"Row1624","TRUE"
"Row1625","TRUE"
"Row1626","FALSE"
"Row1627","FALSE"
"Row1628","TRUE"
"Row1629","FALSE"
"Row1630","FALSE"
"Row1631","TRUE"
"Row1632","TRUE"
"Row1633","TRUE"
"Row1634","FALSE"
"Row1635","TRUE"
"Row1636","FALSE"
"Row1637","FALSE"
"Row1638","FALSE"
"Row1639","TRUE"
"Row1640","FALSE"
"Row1641","TRUE"
"Row1642","FALSE"
"Row1643","FALSE"
"Row1644","TRUE"
"Row1645","TRUE"
"Row1646","FALSE"
"Row1647","FALSE"
"Row1648","FALSE"
"Row1649","TRUE"
"Row1650","FALSE"
"Row1651","FALSE"
"Row1652","FALSE"
"Row1653","FALSE"
"Row1654","FALSE"
"Row1655","FALSE"
"Row1656","FALSE"
"Row1657","FALSE"
"Row1658","FALSE"
"Row1659","FALSE"
"Row1660","FALSE"
"Row1661","FALSE"
"Row1662","FALSE"
"Row1663","TRUE"
"Row1664","FALSE"
"Row1665","FALSE"
"Row1666","FALSE"
"Row1667","FALSE"
"Row1668","FALSE"
"Row1669","FALSE"
"Row1670","FALSE"
"Row1671","FALSE"
"Row1672","FALSE"
"Row1673","FALSE"
"Row1674","TRUE"
"Row1675","FALSE"
"Row1676","TRUE"
"Row1677","FALSE"
"Row1678","TRUE"
"Row1679","FALSE"
"Row1680","TRUE"
"Row1681","FALSE"
"Row1682","FALSE"
"Row1683","FALSE"
"Row1684","TRUE"
"Row1685","FALSE"
"Row1686","TRUE"
"Row1687","FALSE"
"Row1688","FALSE"
"Row1689","FALSE"
"Row1690","TRUE"
"Row1691","FALSE"
"Row1692","TRUE"
"Row1693","FALSE"
"Row1694","TRUE"
"Row1695","TRUE"
"Row1696","FALSE"
"Row1697","TRUE"
"Row1698","TRUE"
"Row1699","TRUE"
"Row1700","TRUE"
"Row1701","FALSE"
"Row1702","FALSE"
"Row1703","FALSE"
"Row1704","FALSE"
"Row1705","FALSE"
"Row1706","FALSE"
"Row1707","FALSE"
"Row1708","FALSE"
"Row1709","FALSE"
"Row1710","TRUE"
"Row1711","TRUE"
"Row1712","FALSE"
"Row1713","TRUE"
"Row1714","FALSE"
"Row1715","FALSE"
"Row1716","FALSE"
"Row1717","FALSE"
"Row1718","FALSE"
"Row1719","FALSE"
"Row1720","FALSE"
"Row1721","FALSE"
"Row1722","FALSE"
"Row1723","FALSE"
"Row1724","FALSE"
"Row1725","FALSE"
"Row1726","FALSE"
"Row1727","FALSE"
"Row1728","FALSE"
"Row1729","FALSE"
"Row1730","TRUE"
"Row1731","FALSE"
"Row1732","FALSE"
"Row1733","FALSE"
"Row1734","FALSE"
"Row1735","FALSE"
"Row1736","FALSE"
"Row1737","TRUE"
"Row1738","TRUE"
"Row1739","TRUE"
"Row1740","FALSE"
"Row1741","FALSE"
"Row1742","TRUE"
"Row1743","TRUE"
"Row1744","TRUE"
"Row1745","TRUE"
"Row1746","FALSE"
"Row1747","FALSE"
"Row1748","TRUE"
"Row1749","FALSE"
"Row1750","FALSE"
"Row1751","FALSE"
"Row1752","FALSE"
"Row1753","TRUE"
"Row1754","FALSE"
"Row1755","TRUE"
"Row1756","TRUE"
"Row1757","FALSE"
"Row1758","FALSE"
"Row1759","TRUE"
"Row1760","FALSE"
"Row1761","FALSE"
"Row1762","TRUE"
"Row1763","FALSE"
"Row1764","TRUE"
"Row1765","FALSE"
"Row1766","FALSE"
"Row1767","TRUE"
"Row1768","FALSE"
"Row1769","FALSE"
"Row1770","FALSE"
"Row1771","TRUE"
"Row1772","FALSE"
"Row1773","TRUE"
"Row1774","FALSE"
"Row1775","FALSE"
"Row1776","TRUE"
"Row1777","TRUE"
"Row1778","FALSE"
"Row1779","FALSE"
"Row1780","FALSE"
"Row1781","TRUE"
"Row1782","FALSE"
"Row1783","TRUE"
"Row1784","TRUE"
"Row1785","FALSE"
"Row1786","FALSE"
"Row1787","FALSE"
"Row1788","TRUE"
"Row1789","TRUE"
"Row1790","TRUE"
"Row1791","FALSE"
"Row1792","FALSE"
"Row1793","TRUE"
"Row1794","FALSE"
"Row1795","FALSE"
"Row1796","TRUE"
"Row1797","FALSE"
"Row1798","TRUE"
"Row1799","FALSE"
"Row1800","FALSE"
"Row1801","FALSE"
"Row1802","FALSE"
"Row1803","TRUE"
"Row1804","FALSE"
"Row1805","FALSE"
"Row1806","TRUE"
"Row1807","TRUE"
"Row1808","FALSE"
"Row1809","FALSE"
"Row1810","FALSE"
"Row1811","FALSE"
"Row1812","FALSE"
"Row1813","FALSE"
"Row1814","FALSE"
"Row1815","FALSE"
"Row1816","FALSE"
"Row1817","FALSE"
"Row1818","FALSE"
"Row1819","FALSE"
"Row1820","FALSE"
"Row1821","FALSE"
"Row1822","FALSE"
"Row1823","TRUE"
"Row1824","FALSE"
"Row1825","FALSE"
"Row1826","FALSE"
"Row1827","FALSE"
"Row1828","FALSE"
"Row1829","FALSE"
"Row1830","TRUE"
"Row1831","FALSE"
"Row1832","FALSE"
"Row1833","FALSE"
"Row1834","FALSE"
"Row1835","FALSE"
"Row1836","FALSE"
"Row1837","FALSE"
"Row1838","TRUE"
"Row1839","TRUE"
"Row1840","FALSE"
"Row1841","FALSE"
"Row1842","FALSE"
"Row1843","TRUE"
"Row1844","FALSE"
"Row1845","TRUE"
"Row1846","FALSE"
"Row1847","FALSE"
"Row1848","TRUE"
"Row1849","FALSE"
"Row1850","FALSE"
"Row1851","FALSE"
"Row1852","FALSE"
"Row1853","FALSE"
"Row1854","FALSE"
"Row1855","FALSE"
"Row1856","FALSE"
"Row1857","TRUE"
"Row1858","TRUE"
"Row1859","FALSE"
"Row1860","FALSE"
"Row1861","FALSE"
"Row1862","FALSE"
"Row1863","FALSE"
"Row1864","FALSE"
"Row1865","FALSE"
"Row1866","TRUE"
"Row1867","FALSE"
"Row1868","TRUE"
"Row1869","TRUE"
"Row1870","FALSE"
"Row1871","FALSE"
"Row1872","FALSE"
"Row1873","FALSE"
"Row1874","FALSE"
"Row1875","FALSE"
"Row1876","TRUE"
"Row1877","FALSE"
"Row1878","TRUE"
"Row1879","FALSE"
"Row1880","FALSE"
"Row1881","FALSE"
"Row1882","FALSE"
"Row1883","FALSE"
"Row1884","FALSE"
"Row1885","FALSE"
"Row1886","FALSE"
"Row1887","FALSE"
"Row1888","FALSE"
"Row1889","FALSE"
"Row1890","FALSE"
"Row1891","TRUE"
"Row1892","FALSE"
"Row1893","TRUE"
"Row1894","FALSE"
"Row1895","FALSE"
"Row1896","TRUE"
"Row1897","TRUE"
"Row1898","FALSE"
"Row1899","FALSE"
"Row1900","FALSE"
"Row1901","TRUE"
"Row1902","TRUE"
"Row1903","FALSE"
"Row1904","FALSE"
"Row1905","FALSE"
"Row1906","FALSE"
"Row1907","FALSE"
"Row1908","FALSE"
"Row1909","FALSE"
"Row1910","FALSE"
"Row1911","FALSE"
"Row1912","FALSE"
"Row1913","TRUE"
"Row1914","FALSE"
"Row1915","FALSE"
"Row1916","FALSE"
"Row1917","TRUE"
"Row1918","TRUE"
"Row1919","TRUE"
"Row1920","FALSE"
"Row1921","TRUE"
"Row1922","FALSE"
"Row1923","TRUE"
"Row1924","FALSE"
"Row1925","TRUE"
"Row1926","TRUE"
"Row1927","FALSE"
"Row1928","TRUE"
"Row1929","FALSE"
"Row1930","TRUE"
"Row1931","TRUE"
"Row1932","TRUE"
"Row1933","FALSE"
"Row1934","TRUE"
"Row1935","FALSE"
"Row1936","FALSE"
"Row1937","FALSE"
"Row1938","FALSE"
"Row1939","FALSE"
"Row1940","FALSE"
"Row1941","TRUE"
"Row1942","TRUE"
"Row1943","FALSE"
"Row1944","FALSE"
"Row1945","TRUE"
"Row1946","FALSE"
"Row1947","FALSE"
"Row1948","FALSE"
"Row1949","FALSE"
"Row1950","TRUE"
"Row1951","FALSE"
"Row1952","FALSE"
"Row1953","FALSE"
"Row1954","TRUE"
"Row1955","FALSE"
"Row1956","FALSE"
"Row1957","FALSE"
"Row1958","FALSE"
"Row1959","FALSE"
"Row1960","FALSE"
"Row1961","FALSE"
"Row1962","FALSE"
"Row1963","TRUE"
"Row1964","TRUE"
"Row1965","FALSE"
"Row1966","TRUE"
"Row1967","FALSE"
"Row1968","FALSE"
"Row1969","TRUE"
"Row1970","FALSE"
"Row1971","FALSE"
"Row1972","FALSE"
"Row1973","FALSE"
"Row1974","FALSE"
"Row1975","FALSE"
"Row1976","FALSE"
"Row1977","FALSE"
"Row1978","TRUE"
"Row1979","FALSE"
"Row1980","FALSE"
"Row1981","TRUE"
"Row1982","FALSE"
"Row1983","TRUE"
"Row1984","FALSE"
"Row1985","TRUE"
"Row1986","TRUE"
"Row1987","TRUE"
"Row1988","TRUE"
"Row1989","FALSE"
"Row1990","FALSE"
"Row1991","FALSE"
"Row1992","FALSE"
"Row1993","FALSE"
"Row1994","FALSE"
"Row1995","FALSE"
"Row1996","FALSE"
"Row1997","FALSE"
"Row1998","FALSE"
"Row1999","TRUE"
"Row2000","FALSE"
"Row2001","TRUE"
"Row2002","FALSE"
"Row2003","FALSE"
"Row2004","FALSE"
"Row2005","FALSE"
"Row2006","FALSE"
"Row2007","FALSE"
"Row2008","FALSE"
"Row2009","TRUE"
"Row2010","FALSE"
"Row2011","TRUE"
"Row2012","FALSE"
"Row2013","FALSE"
"Row2014","TRUE"
"Row2015","TRUE"
"Row2016","TRUE"
"Row2017","FALSE"
"Row2018","FALSE"
"Row2019","TRUE"
"Row2020","FALSE"
"Row2021","FALSE"
"Row2022","FALSE"
"Row2023","TRUE"
"Row2024","TRUE"
"Row2025","FALSE"
"Row2026","TRUE"
"Row2027","TRUE"
"Row2028","FALSE"
"Row2029","TRUE"
"Row2030","TRUE"
"Row2031","FALSE"
"Row2032","FALSE"
"Row2033","FALSE"
"Row2034","FALSE"
"Row2035","FALSE"
"Row2036","FALSE"
"Row2037","TRUE"
"Row2038","FALSE"
"Row2039","FALSE"
"Row2040","TRUE"
"Row2041","FALSE"
"Row2042","FALSE"
"Row2043","FALSE"
"Row2044","TRUE"
"Row2045","FALSE"
"Row2046","FALSE"
"Row2047","FALSE"
"Row2048","FALSE"
"Row2049","FALSE"
"Row2050","TRUE"
"Row2051","TRUE"
"Row2052","TRUE"
"Row2053","FALSE"
"Row2054","TRUE"
"Row2055","FALSE"
"Row2056","FALSE"
"Row2057","FALSE"
"Row2058","FALSE"
"Row2059","FALSE"
"Row2060","TRUE"
"Row2061","FALSE"
"Row2062","FALSE"
"Row2063","FALSE"
"Row2064","FALSE"
"Row2065","FALSE"
"Row2066","FALSE"
"Row2067","FALSE"
"Row2068","FALSE"
"Row2069","TRUE"
"Row2070","FALSE"
"Row2071","FALSE"
"Row2072","FALSE"
"Row2073","FALSE"
"Row2074","FALSE"
"Row2075","TRUE"
"Row2076","FALSE"
"Row2077","TRUE"
"Row2078","FALSE"
"Row2079","FALSE"
"Row2080","TRUE"
"Row2081","TRUE"
"Row2082","FALSE"
"Row2083","FALSE"
"Row2084","FALSE"
"Row2085","FALSE"
"Row2086","FALSE"
"Row2087","FALSE"
"Row2088","FALSE"
"Row2089","FALSE"
"Row2090","FALSE"
"Row2091","FALSE"
"Row2092","TRUE"
"Row2093","FALSE"
"Row2094","FALSE"
"Row2095","FALSE"
"Row2096","FALSE"
"Row2097","TRUE"
"Row2098","FALSE"
"Row2099","FALSE"
"Row2100","FALSE"
"Row2101","FALSE"
"Row2102","FALSE"
"Row2103","FALSE"
"Row2104","FALSE"
"Row2105","FALSE"
"Row2106","FALSE"
"Row2107","FALSE"
"Row2108","FALSE"
"Row2109","FALSE"
"Row2110","FALSE"
"Row2111","FALSE"
"Row2112","FALSE"
"Row2113","FALSE"
"Row2114","FALSE"
"Row2115","FALSE"
"Row2116","FALSE"
"Row2117","FALSE"
"Row2118","TRUE"
"Row2119","FALSE"
"Row2120","FALSE"
"Row2121","FALSE"
"Row2122","FALSE"
"Row2123","TRUE"
"Row2124","FALSE"
"Row2125","FALSE"
"Row2126","TRUE"
"Row2127","FALSE"
"Row2128","TRUE"
"Row2129","FALSE"
"Row2130","TRUE"
"Row2131","TRUE"
"Row2132","FALSE"
"Row2133","TRUE"
"Row2134","TRUE"
"Row2135","TRUE"
"Row2136","FALSE"
"Row2137","TRUE"
"Row2138","FALSE"
"Row2139","TRUE"
"Row2140","FALSE"
"Row2141","FALSE"
"Row2142","FALSE"
"Row2143","FALSE"
"Row2144","FALSE"
"Row2145","TRUE"
"Row2146","FALSE"
"Row2147","TRUE"
"Row2148","FALSE"
"Row2149","TRUE"
"Row2150","FALSE"
"Row2151","FALSE"
"Row2152","TRUE"
"Row2153","TRUE"
"Row2154","TRUE"
"Row2155","TRUE"
"Row2156","TRUE"
"Row2157","TRUE"
"Row2158","FALSE"
"Row2159","TRUE"
"Row2160","TRUE"
"Row2161","TRUE"
"Row2162","TRUE"
"Row2163","TRUE"
"Row2164","TRUE"
"Row2165","FALSE"
"Row2166","FALSE"
"Row2167","TRUE"
"Row2168","FALSE"
"Row2169","TRUE"
"Row2170","TRUE"
"Row2171","FALSE"
"Row2172","FALSE"
"Row2173","TRUE"
"Row2174","FALSE"
"Row2175","FALSE"
"Row2176","FALSE"
"Row2177","TRUE"
"Row2178","FALSE"
"Row2179","FALSE"
"Row2180","FALSE"
"Row2181","FALSE"
"Row2182","FALSE"
"Row2183","FALSE"
"Row2184","TRUE"
"Row2185","TRUE"
"Row2186","FALSE"
"Row2187","FALSE"
"Row2188","FALSE"
"Row2189","TRUE"
"Row2190","FALSE"
"Row2191","FALSE"
"Row2192","FALSE"
"Row2193","FALSE"
"Row2194","FALSE"
"Row2195","FALSE"
"Row2196","FALSE"
"Row2197","FALSE"
"Row2198","FALSE"
"Row2199","FALSE"
"Row2200","FALSE"
"Row2201","FALSE"
"Row2202","FALSE"
"Row2203","FALSE"
"Row2204","FALSE"
"Row2205","FALSE"
"Row2206","FALSE"
"Row2207","FALSE"
"Row2208","FALSE"
"Row2209","FALSE"
"Row2210","FALSE"
"Row2211","FALSE"
"Row2212","FALSE"
"Row2213","TRUE"
"Row2214","FALSE"
"Row2215","TRUE"
"Row2216","FALSE"
"Row2217","FALSE"
"Row2218","FALSE"
"Row2219","FALSE"
"Row2220","FALSE"
"Row2221","FALSE"
"Row2222","FALSE"
"Row2223","FALSE"
"Row2224","FALSE"
"Row2225","FALSE"
"Row2226","FALSE"
"Row2227","FALSE"
"Row2228","TRUE"
"Row2229","FALSE"
"Row2230","FALSE"
"Row2231","FALSE"
"Row2232","TRUE"
"Row2233","FALSE"
"Row2234","FALSE"
"Row2235","FALSE"
"Row2236","FALSE"
"Row2237","FALSE"
"Row2238","FALSE"
"Row2239","FALSE"
"Row2240","FALSE"
"Row2241","FALSE"
"Row2242","FALSE"
"Row2243","FALSE"
"Row2244","TRUE"
"Row2245","FALSE"
"Row2246","FALSE"
"Row2247","FALSE"
"Row2248","FALSE"
"Row2249","FALSE"
"Row2250","FALSE"
"Row2251","FALSE"
"Row2252","TRUE"
"Row2253","FALSE"
"Row2254","TRUE"
"Row2255","TRUE"
"Row2256","FALSE"
"Row2257","FALSE"
"Row2258","FALSE"
"Row2259","FALSE"
"Row2260","FALSE"
"Row2261","FALSE"
"Row2262","TRUE"
"Row2263","FALSE"
"Row2264","FALSE"
"Row2265","FALSE"
"Row2266","FALSE"
"Row2267","FALSE"
"Row2268","FALSE"
"Row2269","TRUE"
"Row2270","TRUE"
"Row2271","TRUE"
"Row2272","FALSE"
"Row2273","FALSE"
"Row2274","FALSE"
"Row2275","FALSE"
"Row2276","TRUE"
"Row2277","FALSE"
"Row2278","FALSE"
"Row2279","TRUE"
"Row2280","FALSE"
"Row2281","FALSE"
"Row2282","FALSE"
"Row2283","TRUE"
"Row2284","TRUE"
"Row2285","TRUE"
"Row2286","FALSE"
"Row2287","TRUE"
"Row2288","FALSE"
"Row2289","FALSE"
"Row2290","FALSE"
"Row2291","TRUE"
"Row2292","TRUE"
"Row2293","TRUE"
"Row2294","TRUE"
"Row2295","TRUE"
"Row2296","FALSE"
"Row2297","FALSE"
"Row2298","TRUE"
"Row2299","TRUE"
"Row2300","TRUE"
"Row2301","FALSE"
"Row2302","TRUE"
"Row2303","FALSE"
"Row2304","TRUE"
"Row2305","FALSE"
"Row2306","TRUE"
"Row2307","FALSE"
"Row2308","FALSE"
"Row2309","FALSE"
"Row2310","FALSE"
"Row2311","FALSE"
"Row2312","FALSE"
"Row2313","FALSE"
"Row2314","FALSE"
"Row2315","TRUE"
"Row2316","TRUE"
"Row2317","FALSE"
"Row2318","FALSE"
"Row2319","FALSE"
"Row2320","TRUE"
"Row2321","FALSE"
"Row2322","FALSE"
"Row2323","FALSE"
"Row2324","FALSE"
"Row2325","FALSE"
"Row2326","FALSE"
"Row2327","FALSE"
"Row2328","TRUE"
"Row2329","FALSE"
"Row2330","FALSE"
"Row2331","FALSE"
"Row2332","FALSE"
"Row2333","FALSE"
"Row2334","FALSE"
"Row2335","FALSE"
"Row2336","FALSE"
"Row2337","FALSE"
"Row2338","FALSE"
"Row2339","TRUE"
"Row2340","FALSE"
"Row2341","FALSE"
"Row2342","TRUE"
"Row2343","FALSE"
"Row2344","FALSE"
"Row2345","TRUE"
"Row2346","TRUE"
"Row2347","TRUE"
"Row2348","FALSE"
"Row2349","TRUE"
"Row2350","TRUE"
"Row2351","FALSE"
"Row2352","FALSE"
"Row2353","FALSE"
"Row2354","FALSE"
"Row2355","FALSE"
"Row2356","TRUE"
"Row2357","TRUE"
"Row2358","FALSE"
"Row2359","TRUE"
"Row2360","FALSE"
"Row2361","FALSE"
"Row2362","FALSE"
"Row2363","FALSE"
"Row2364","FALSE"
"Row2365","TRUE"
"Row2366","FALSE"
"Row2367","FALSE"
"Row2368","TRUE"
"Row2369","FALSE"
"Row2370","FALSE"
"Row2371","FALSE"
"Row2372","FALSE"
"Row2373","FALSE"
"Row2374","FALSE"
"Row2375","FALSE"
"Row2376","TRUE"
"Row2377","FALSE"
"Row2378","TRUE"
"Row2379","FALSE"
"Row2380","FALSE"
"Row2381","FALSE"
"Row2382","FALSE"
"Row2383","FALSE"
"Row2384","TRUE"
"Row2385","FALSE"
"Row2386","TRUE"
"Row2387","TRUE"
"Row2388","FALSE"
"Row2389","TRUE"
"Row2390","TRUE"
"Row2391","FALSE"
"Row2392","FALSE"
"Row2393","FALSE"
"Row2394","TRUE"
"Row2395","FALSE"
"Row2396","FALSE"
"Row2397","FALSE"
"Row2398","TRUE"
"Row2399","FALSE"
"Row2400","FALSE"
"Row2401","FALSE"
"Row2402","FALSE"
"Row2403","FALSE"
"Row2404","FALSE"
"Row2405","FALSE"
"Row2406","FALSE"
"Row2407","FALSE"
"Row2408","FALSE"
"Row2409","FALSE"
"Row2410","FALSE"
"Row2411","FALSE"
"Row2412","FALSE"
"Row2413","FALSE"
"Row2414","FALSE"
"Row2415","FALSE"
"Row2416","TRUE"
"Row2417","FALSE"
"Row2418","FALSE"
"Row2419","FALSE"
"Row2420","TRUE"
"Row2421","FALSE"
"Row2422","FALSE"
"Row2423","FALSE"
"Row2424","FALSE"
"Row2425","FALSE"
"Row2426","FALSE"
"Row2427","FALSE"
"Row2428","FALSE"
"Row2429","FALSE"
"Row2430","FALSE"
"Row2431","FALSE"
"Row2432","FALSE"
"Row2433","FALSE"
"Row2434","FALSE"
"Row2435","FALSE"
"Row2436","FALSE"
"Row2437","FALSE"
"Row2438","FALSE"
"Row2439","FALSE"
"Row2440","FALSE"
"Row2441","FALSE"
"Row2442","FALSE"
"Row2443","FALSE"
"Row2444","FALSE"
"Row2445","FALSE"
"Row2446","FALSE"
"Row2447","FALSE"
"Row2448","TRUE"
"Row2449","TRUE"
"Row2450","FALSE"
"Row2451","FALSE"
"Row2452","FALSE"
"Row2453","FALSE"
"Row2454","FALSE"
"Row2455","FALSE"
"Row2456","FALSE"
"Row2457","FALSE"
"Row2458","FALSE"
"Row2459","FALSE"
"Row2460","FALSE"
"Row2461","FALSE"
"Row2462","FALSE"
"Row2463","FALSE"
"Row2464","FALSE"
"Row2465","FALSE"
"Row2466","FALSE"
"Row2467","FALSE"
"Row2468","FALSE"
"Row2469","FALSE"
"Row2470","FALSE"
"Row2471","FALSE"
"Row2472","FALSE"
"Row2473","FALSE"
"Row2474","FALSE"
"Row2475","FALSE"
"Row2476","FALSE"
"Row2477","FALSE"
"Row2478","FALSE"
"Row2479","TRUE"
"Row2480","TRUE"
"Row2481","TRUE"
"Row2482","TRUE"
"Row2483","TRUE"
"Row2484","TRUE"
"Row2485","TRUE"
"Row2486","FALSE"
"Row2487","FALSE"
"Row2488","TRUE"
"Row2489","TRUE"
"Row2490","TRUE"
"Row2491","TRUE"
"Row2492","TRUE"
"Row2493","TRUE"
"Row2494","FALSE"
"Row2495","TRUE"
"Row2496","FALSE"
"Row2497","TRUE"
"Row2498","FALSE"
"Row2499","TRUE"
"Row2500","TRUE"
"Row2501","FALSE"
"Row2502","FALSE"
"Row2503","FALSE"
"Row2504","FALSE"
"Row2505","FALSE"
"Row2506","FALSE"
"Row2507","FALSE"
"Row2508","TRUE"
"Row2509","TRUE"
"Row2510","FALSE"
"Row2511","FALSE"
"Row2512","FALSE"
"Row2513","FALSE"
"Row2514","TRUE"
"Row2515","TRUE"
"Row2516","FALSE"
"Row2517","FALSE"
"Row2518","TRUE"
"Row2519","FALSE"
"Row2520","FALSE"
"Row2521","FALSE"
"Row2522","FALSE"
"Row2523","FALSE"
"Row2524","TRUE"
"Row2525","TRUE"
"Row2526","TRUE"
"Row2527","TRUE"
"Row2528","TRUE"
"Row2529","TRUE"
"Row2530","TRUE"
"Row2531","TRUE"
"Row2532","FALSE"
"Row2533","TRUE"
"Row2534","TRUE"
"Row2535","FALSE"
"Row2536","TRUE"
"Row2537","TRUE"
"Row2538","FALSE"
"Row2539","FALSE"
"Row2540","FALSE"
"Row2541","FALSE"
"Row2542","FALSE"
"Row2543","FALSE"
"Row2544","FALSE"
"Row2545","FALSE"
"Row2546","FALSE"
"Row2547","FALSE"
"Row2548","FALSE"
"Row2549","FALSE"
"Row2550","TRUE"
"Row2551","FALSE"
"Row2552","FALSE"
"Row2553","FALSE"
"Row2554","FALSE"
"Row2555","FALSE"
"Row2556","FALSE"
"Row2557","FALSE"
"Row2558","FALSE"
"Row2559","FALSE"
"Row2560","FALSE"
"Row2561","FALSE"
"Row2562","FALSE"
"Row2563","FALSE"
"Row2564","FALSE"
"Row2565","FALSE"
"Row2566","TRUE"
"Row2567","FALSE"
"Row2568","FALSE"
"Row2569","TRUE"
"Row2570","TRUE"
"Row2571","FALSE"
"Row2572","FALSE"
"Row2573","FALSE"
"Row2574","TRUE"
"Row2575","TRUE"
"Row2576","FALSE"
"Row2577","FALSE"
"Row2578","FALSE"
"Row2579","FALSE"
"Row2580","FALSE"
"Row2581","FALSE"
"Row2582","FALSE"
"Row2583","FALSE"
"Row2584","FALSE"
"Row2585","FALSE"
"Row2586","TRUE"
"Row2587","FALSE"
"Row2588","FALSE"
"Row2589","FALSE"
"Row2590","FALSE"
"Row2591","FALSE"
"Row2592","TRUE"
"Row2593","FALSE"
"Row2594","FALSE"
"Row2595","TRUE"
"Row2596","TRUE"
"Row2597","FALSE"
"Row2598","TRUE"
"Row2599","TRUE"
"Row2600","TRUE"
"Row2601","TRUE"
"Row2602","TRUE"
"Row2603","TRUE"
"Row2604","FALSE"
"Row2605","FALSE"
"Row2606","TRUE"
"Row2607","FALSE"
"Row2608","FALSE"
"Row2609","TRUE"
"Row2610","TRUE"
"Row2611","TRUE"
"Row2612","TRUE"
"Row2613","TRUE"
"Row2614","TRUE"
"Row2615","FALSE"
"Row2616","TRUE"
"Row2617","TRUE"
"Row2618","TRUE"
"Row2619","TRUE"
"Row2620","FALSE"
"Row2621","TRUE"
"Row2622","TRUE"
"Row2623","FALSE"
"Row2624","TRUE"
"Row2625","TRUE"
"Row2626","TRUE"
"Row2627","TRUE"
"Row2628","TRUE"
"Row2629","TRUE"
"Row2630","FALSE"
"Row2631","FALSE"
"Row2632","FALSE"
"Row2633","TRUE"
"Row2634","FALSE"
"Row2635","FALSE"
"Row2636","FALSE"
"Row2637","TRUE"
"Row2638","FALSE"
"Row2639","FALSE"
"Row2640","TRUE"
"Row2641","TRUE"
"Row2642","TRUE"
"Row2643","FALSE"
"Row2644","TRUE"
"Row2645","FALSE"
"Row2646","TRUE"
"Row2647","TRUE"
"Row2648","FALSE"
"Row2649","FALSE"
"Row2650","FALSE"
"Row2651","TRUE"
"Row2652","TRUE"
"Row2653","FALSE"
"Row2654","FALSE"
"Row2655","FALSE"
"Row2656","FALSE"
"Row2657","FALSE"
"Row2658","FALSE"
"Row2659","FALSE"
"Row2660","FALSE"
"Row2661","TRUE"
"Row2662","FALSE"
"Row2663","FALSE"
"Row2664","FALSE"
"Row2665","FALSE"
"Row2666","FALSE"
"Row2667","FALSE"
"Row2668","FALSE"
"Row2669","FALSE"
"Row2670","FALSE"
"Row2671","FALSE"
"Row2672","FALSE"
"Row2673","FALSE"
"Row2674","TRUE"
"Row2675","FALSE"
"Row2676","FALSE"
"Row2677","TRUE"
"Row2678","FALSE"
"Row2679","TRUE"
"Row2680","FALSE"
"Row2681","FALSE"
"Row2682","FALSE"
"Row2683","TRUE"
"Row2684","FALSE"
"Row2685","TRUE"
"Row2686","FALSE"
"Row2687","FALSE"
"Row2688","FALSE"
"Row2689","FALSE"
"Row2690","FALSE"
"Row2691","FALSE"
"Row2692","TRUE"
"Row2693","FALSE"
"Row2694","FALSE"
"Row2695","FALSE"
"Row2696","FALSE"
"Row2697","FALSE"
"Row2698","FALSE"
"Row2699","FALSE"
"Row2700","FALSE"
"Row2701","FALSE"
"Row2702","FALSE"
"Row2703","FALSE"
"Row2704","FALSE"
"Row2705","FALSE"
"Row2706","TRUE"
"Row2707","FALSE"
"Row2708","FALSE"
"Row2709","FALSE"
"Row2710","FALSE"
"Row2711","FALSE"
"Row2712","FALSE"
"Row2713","FALSE"
"Row2714","FALSE"
"Row2715","TRUE"
"Row2716","FALSE"
"Row2717","FALSE"
"Row2718","TRUE"
"Row2719","FALSE"
"Row2720","FALSE"
"Row2721","FALSE"
"Row2722","FALSE"
"Row2723","FALSE"
"Row2724","TRUE"
"Row2725","FALSE"
"Row2726","FALSE"
"Row2727","TRUE"
"Row2728","FALSE"
"Row2729","FALSE"
"Row2730","FALSE"
"Row2731","TRUE"
"Row2732","FALSE"
"Row2733","FALSE"
"Row2734","FALSE"
"Row2735","FALSE"
"Row2736","FALSE"
"Row2737","FALSE"
"Row2738","TRUE"
"Row2739","TRUE"
"Row2740","FALSE"
"Row2741","FALSE"
"Row2742","FALSE"
"Row2743","TRUE"
"Row2744","TRUE"
"Row2745","TRUE"
"Row2746","TRUE"
"Row2747","FALSE"
"Row2748","FALSE"
"Row2749","FALSE"
"Row2750","FALSE"
"Row2751","FALSE"
"Row2752","TRUE"
"Row2753","FALSE"
"Row2754","TRUE"
"Row2755","FALSE"
"Row2756","TRUE"
"Row2757","TRUE"
"Row2758","FALSE"
"Row2759","TRUE"
"Row2760","TRUE"
"Row2761","TRUE"
"Row2762","TRUE"
"Row2763","FALSE"
"Row2764","TRUE"
"Row2765","FALSE"
"Row2766","FALSE"
"Row2767","FALSE"
"Row2768","FALSE"
"Row2769","FALSE"
"Row2770","FALSE"
"Row2771","FALSE"
"Row2772","FALSE"
"Row2773","FALSE"
"Row2774","FALSE"
"Row2775","FALSE"
"Row2776","FALSE"
"Row2777","FALSE"
"Row2778","FALSE"
"Row2779","FALSE"
"Row2780","TRUE"
"Row2781","FALSE"
"Row2782","FALSE"
"Row2783","FALSE"
"Row2784","FALSE"
"Row2785","FALSE"
"Row2786","FALSE"
"Row2787","FALSE"
"Row2788","FALSE"
"Row2789","TRUE"
"Row2790","FALSE"
"Row2791","FALSE"
"Row2792","FALSE"
"Row2793","FALSE"
"Row2794","TRUE"
"Row2795","FALSE"
"Row2796","FALSE"
"Row2797","FALSE"
"Row2798","TRUE"
"Row2799","FALSE"
"Row2800","TRUE"
"Row2801","TRUE"
"Row2802","FALSE"
"Row2803","FALSE"
"Row2804","FALSE"
"Row2805","TRUE"
"Row2806","FALSE"
"Row2807","FALSE"
"Row2808","FALSE"
"Row2809","FALSE"
"Row2810","FALSE"
"Row2811","FALSE"
"Row2812","FALSE"
"Row2813","FALSE"
"Row2814","TRUE"
"Row2815","FALSE"
"Row2816","TRUE"
"Row2817","TRUE"
"Row2818","TRUE"
"Row2819","FALSE"
"Row2820","FALSE"
"Row2821","FALSE"
"Row2822","FALSE"
"Row2823","FALSE"
"Row2824","FALSE"
"Row2825","FALSE"
"Row2826","FALSE"
"Row2827","FALSE"
"Row2828","FALSE"
"Row2829","FALSE"
"Row2830","TRUE"
"Row2831","FALSE"
"Row2832","TRUE"
"Row2833","TRUE"
"Row2834","TRUE"
"Row2835","TRUE"
"Row2836","TRUE"
"Row2837","FALSE"
"Row2838","TRUE"
"Row2839","TRUE"
"Row2840","TRUE"
"Row2841","FALSE"
"Row2842","TRUE"
"Row2843","TRUE"
"Row2844","TRUE"
"Row2845","FALSE"
"Row2846","TRUE"
"Row2847","FALSE"
"Row2848","TRUE"
"Row2849","TRUE"
"Row2850","FALSE"
"Row2851","TRUE"
"Row2852","FALSE"
"Row2853","FALSE"
"Row2854","TRUE"
"Row2855","FALSE"
"Row2856","FALSE"
"Row2857","FALSE"
"Row2858","TRUE"
"Row2859","FALSE"
"Row2860","FALSE"
"Row2861","FALSE"
"Row2862","FALSE"
"Row2863","FALSE"
"Row2864","TRUE"
"Row2865","TRUE"
"Row2866","TRUE"
"Row2867","FALSE"
"Row2868","TRUE"
"Row2869","TRUE"
"Row2870","FALSE"
"Row2871","TRUE"
"Row2872","FALSE"
"Row2873","TRUE"
"Row2874","TRUE"
"Row2875","TRUE"
"Row2876","TRUE"
"Row2877","FALSE"
"Row2878","FALSE"
"Row2879","FALSE"
"Row2880","TRUE"
"Row2881","TRUE"
"Row2882","TRUE"
"Row2883","FALSE"
"Row2884","FALSE"
"Row2885","FALSE"
"Row2886","TRUE"
"Row2887","FALSE"
"Row2888","FALSE"
"Row2889","FALSE"
"Row2890","TRUE"
"Row2891","TRUE"
"Row2892","FALSE"
"Row2893","FALSE"
"Row2894","FALSE"
"Row2895","FALSE"
"Row2896","TRUE"
"Row2897","FALSE"
"Row2898","FALSE"
"Row2899","FALSE"
"Row2900","FALSE"
"Row2901","FALSE"
"Row2902","FALSE"
"Row2903","FALSE"
"Row2904","FALSE"
"Row2905","FALSE"
"Row2906","FALSE"
"Row2907","FALSE"
"Row2908","FALSE"
"Row2909","FALSE"
"Row2910","FALSE"
"Row2911","FALSE"
"Row2912","FALSE"
"Row2913","FALSE"
"Row2914","FALSE"
"Row2915","FALSE"
"Row2916","TRUE"
"Row2917","TRUE"
"Row2918","FALSE"
"Row2919","FALSE"
"Row2920","FALSE"
"Row2921","TRUE"
"Row2922","TRUE"
"Row2923","FALSE"
"Row2924","TRUE"
"Row2925","TRUE"
"Row2926","TRUE"
"Row2927","TRUE"
"Row2928","FALSE"
"Row2929","FALSE"
"Row2930","TRUE"
"Row2931","TRUE"
"Row2932","TRUE"
"Row2933","TRUE"
"Row2934","TRUE"
"Row2935","TRUE"
"Row2936","FALSE"
"Row2937","FALSE"
"Row2938","FALSE"
"Row2939","FALSE"
"Row2940","FALSE"
"Row2941","TRUE"
"Row2942","TRUE"
"Row2943","FALSE"
"Row2944","FALSE"
"Row2945","TRUE"
"Row2946","FALSE"
"Row2947","TRUE"
"Row2948","FALSE"
"Row2949","FALSE"
"Row2950","TRUE"
"Row2951","FALSE"
"Row2952","TRUE"
"Row2953","FALSE"
"Row2954","FALSE"
"Row2955","FALSE"
"Row2956","FALSE"
"Row2957","TRUE"
"Row2958","TRUE"
"Row2959","TRUE"
"Row2960","TRUE"
"Row2961","TRUE"
"Row2962","FALSE"
"Row2963","TRUE"
"Row2964","TRUE"
"Row2965","TRUE"
"Row2966","TRUE"
"Row2967","TRUE"
"Row2968","FALSE"
"Row2969","FALSE"
"Row2970","TRUE"
"Row2971","TRUE"
"Row2972","FALSE"
"Row2973","TRUE"
"Row2974","TRUE"
"Row2975","TRUE"
"Row2976","TRUE"
"Row2977","TRUE"
"Row2978","FALSE"
"Row2979","FALSE"
"Row2980","FALSE"
"Row2981","FALSE"
"Row2982","FALSE"
"Row2983","FALSE"
"Row2984","FALSE"
"Row2985","FALSE"
"Row2986","TRUE"
"Row2987","FALSE"
"Row2988","FALSE"
"Row2989","TRUE"
"Row2990","TRUE"
"Row2991","FALSE"
"Row2992","TRUE"
"Row2993","FALSE"
"Row2994","FALSE"
"Row2995","FALSE"
"Row2996","FALSE"
"Row2997","FALSE"
"Row2998","TRUE"
"Row2999","FALSE"
"Row3000","TRUE"
"Row3001","FALSE"
"Row3002","FALSE"
"Row3003","TRUE"
"Row3004","FALSE"
"Row3005","TRUE"
"Row3006","TRUE"
"Row3007","FALSE"
"Row3008","FALSE"
"Row3009","TRUE"
"Row3010","TRUE"
"Row3011","FALSE"
"Row3012","FALSE"
"Row3013","TRUE"
"Row3014","FALSE"
"Row3015","FALSE"
"Row3016","FALSE"
"Row3017","FALSE"
"Row3018","FALSE"
"Row3019","FALSE"
"Row3020","FALSE"
"Row3021","FALSE"
"Row3022","TRUE"
"Row3023","TRUE"
"Row3024","FALSE"
"Row3025","FALSE"
"Row3026","TRUE"
"Row3027","TRUE"
"Row3028","FALSE"
"Row3029","FALSE"
"Row3030","FALSE"
"Row3031","TRUE"
"Row3032","FALSE"
"Row3033","FALSE"
"Row3034","TRUE"
"Row3035","FALSE"
"Row3036","FALSE"
"Row3037","FALSE"
"Row3038","FALSE"
"Row3039","FALSE"
"Row3040","FALSE"
"Row3041","FALSE"
"Row3042","FALSE"
"Row3043","TRUE"
"Row3044","TRUE"
"Row3045","FALSE"
"Row3046","TRUE"
"Row3047","TRUE"
"Row3048","FALSE"
"Row3049","TRUE"
"Row3050","FALSE"
"Row3051","FALSE"
"Row3052","TRUE"
"Row3053","TRUE"
"Row3054","TRUE"
"Row3055","TRUE"
"Row3056","FALSE"
"Row3057","FALSE"
"Row3058","TRUE"
"Row3059","FALSE"
"Row3060","FALSE"
"Row3061","FALSE"
"Row3062","FALSE"
"Row3063","FALSE"
"Row3064","TRUE"
"Row3065","TRUE"
"Row3066","FALSE"
"Row3067","TRUE"
"Row3068","FALSE"
"Row3069","TRUE"
"Row3070","TRUE"
"Row3071","TRUE"
"Row3072","TRUE"
"Row3073","FALSE"
"Row3074","FALSE"
"Row3075","FALSE"
"Row3076","FALSE"
"Row3077","FALSE"
"Row3078","FALSE"
"Row3079","FALSE"
"Row3080","FALSE"
"Row3081","FALSE"
"Row3082","FALSE"
"Row3083","FALSE"
"Row3084","FALSE"
"Row3085","FALSE"
"Row3086","FALSE"
"Row3087","TRUE"
"Row3088","FALSE"
"Row3089","FALSE"
"Row3090","FALSE"
"Row3091","FALSE"
"Row3092","FALSE"
"Row3093","TRUE"
"Row3094","FALSE"
"Row3095","FALSE"
"Row3096","FALSE"
"Row3097","FALSE"
"Row3098","FALSE"
"Row3099","FALSE"
"Row3100","FALSE"
"Row3101","FALSE"
"Row3102","FALSE"
"Row3103","FALSE"
"Row3104","TRUE"
"Row3105","TRUE"
"Row3106","TRUE"
"Row3107","TRUE"
"Row3108","TRUE"
"Row3109","FALSE"
"Row3110","FALSE"
"Row3111","FALSE"
"Row3112","TRUE"
"Row3113","TRUE"
"Row3114","FALSE"
"Row3115","FALSE"
"Row3116","TRUE"
"Row3117","TRUE"
"Row3118","TRUE"
"Row3119","TRUE"
"Row3120","TRUE"
"Row3121","TRUE"
"Row3122","FALSE"
"Row3123","FALSE"
"Row3124","TRUE"
"Row3125","FALSE"
"Row3126","FALSE"
"Row3127","FALSE"
"Row3128","FALSE"
"Row3129","TRUE"
"Row3130","TRUE"
"Row3131","TRUE"
"Row3132","TRUE"
"Row3133","TRUE"
"Row3134","TRUE"
"Row3135","TRUE"
"Row3136","FALSE"
"Row3137","FALSE"
"Row3138","FALSE"
"Row3139","TRUE"
"Row3140","TRUE"
"Row3141","FALSE"
"Row3142","TRUE"
"Row3143","FALSE"
"Row3144","TRUE"
"Row3145","TRUE"
"Row3146","FALSE"
"Row3147","TRUE"
"Row3148","TRUE"
"Row3149","TRUE"
"Row3150","TRUE"
"Row3151","TRUE"
"Row3152","FALSE"
"Row3153","FALSE"
"Row3154","FALSE"
"Row3155","FALSE"
"Row3156","TRUE"
"Row3157","FALSE"
"Row3158","TRUE"
"Row3159","FALSE"
"Row3160","FALSE"
"Row3161","TRUE"
"Row3162","FALSE"
"Row3163","FALSE"
"Row3164","FALSE"
"Row3165","TRUE"
"Row3166","FALSE"
"Row3167","FALSE"
"Row3168","TRUE"
"Row3169","FALSE"
"Row3170","TRUE"
"Row3171","FALSE"
"Row3172","FALSE"
"Row3173","FALSE"
"Row3174","FALSE"
"Row3175","FALSE"
"Row3176","FALSE"
"Row3177","FALSE"
"Row3178","FALSE"
"Row3179","FALSE"
"Row3180","FALSE"
"Row3181","FALSE"
"Row3182","FALSE"
"Row3183","FALSE"
"Row3184","FALSE"
"Row3185","FALSE"
"Row3186","FALSE"
"Row3187","FALSE"
"Row3188","FALSE"
"Row3189","FALSE"
"Row3190","FALSE"
"Row3191","FALSE"
"Row3192","FALSE"
"Row3193","FALSE"
"Row3194","TRUE"
"Row3195","FALSE"
"Row3196","FALSE"
"Row3197","FALSE"
"Row3198","FALSE"
"Row3199","FALSE"
"Row3200","FALSE"
"Row3201","FALSE"
"Row3202","FALSE"
"Row3203","FALSE"
"Row3204","TRUE"
"Row3205","FALSE"
"Row3206","FALSE"
"Row3207","TRUE"
"Row3208","FALSE"
"Row3209","FALSE"
"Row3210","FALSE"
"Row3211","FALSE"
"Row3212","TRUE"
"Row3213","TRUE"
"Row3214","FALSE"
"Row3215","TRUE"
"Row3216","TRUE"
"Row3217","TRUE"
"Row3218","TRUE"
"Row3219","TRUE"
"Row3220","FALSE"
"Row3221","FALSE"
"Row3222","TRUE"
"Row3223","FALSE"
"Row3224","TRUE"
"Row3225","TRUE"
"Row3226","TRUE"
"Row3227","TRUE"
"Row3228","TRUE"
"Row3229","TRUE"
"Row3230","FALSE"
"Row3231","TRUE"
"Row3232","TRUE"
"Row3233","FALSE"
"Row3234","TRUE"
"Row3235","TRUE"
"Row3236","FALSE"
"Row3237","FALSE"
"Row3238","TRUE"
"Row3239","TRUE"
"Row3240","TRUE"
"Row3241","FALSE"
"Row3242","TRUE"
"Row3243","TRUE"
"Row3244","TRUE"
"Row3245","TRUE"
"Row3246","FALSE"
"Row3247","TRUE"
"Row3248","FALSE"
"Row3249","TRUE"
"Row3250","TRUE"
"Row3251","TRUE"
"Row3252","FALSE"
"Row3253","FALSE"
"Row3254","FALSE"
"Row3255","FALSE"
"Row3256","FALSE"
"Row3257","FALSE"
"Row3258","FALSE"
"Row3259","FALSE"
"Row3260","TRUE"
"Row3261","FALSE"
"Row3262","FALSE"
"Row3263","TRUE"
"Row3264","FALSE"
"Row3265","TRUE"
"Row3266","FALSE"
"Row3267","FALSE"
"Row3268","TRUE"
"Row3269","FALSE"
"Row3270","FALSE"
"Row3271","TRUE"
"Row3272","TRUE"
"Row3273","TRUE"
"Row3274","TRUE"
"Row3275","TRUE"
"Row3276","FALSE"
"Row3277","TRUE"
"Row3278","FALSE"
"Row3279","FALSE"
"Row3280","TRUE"
"Row3281","FALSE"
"Row3282","FALSE"
"Row3283","FALSE"
"Row3284","FALSE"
"Row3285","FALSE"
"Row3286","FALSE"
"Row3287","FALSE"
"Row3288","FALSE"
"Row3289","FALSE"
"Row3290","FALSE"
"Row3291","FALSE"
"Row3292","FALSE"
"Row3293","FALSE"
"Row3294","TRUE"
"Row3295","FALSE"
"Row3296","FALSE"
"Row3297","TRUE"
"Row3298","FALSE"
"Row3299","FALSE"
"Row3300","FALSE"
"Row3301","FALSE"
"Row3302","FALSE"
"Row3303","FALSE"
"Row3304","FALSE"
"Row3305","FALSE"
"Row3306","FALSE"
"Row3307","FALSE"
"Row3308","FALSE"
"Row3309","TRUE"
"Row3310","FALSE"
"Row3311","TRUE"
"Row3312","FALSE"
"Row3313","FALSE"
"Row3314","FALSE"
"Row3315","TRUE"
"Row3316","FALSE"
"Row3317","TRUE"
"Row3318","TRUE"
"Row3319","FALSE"
"Row3320","TRUE"
"Row3321","TRUE"
"Row3322","FALSE"
"Row3323","FALSE"
"Row3324","FALSE"
"Row3325","FALSE"
"Row3326","FALSE"
"Row3327","FALSE"
"Row3328","FALSE"
"Row3329","FALSE"
"Row3330","FALSE"
"Row3331","FALSE"
"Row3332","FALSE"
"Row3333","FALSE"
"Row3334","FALSE"
"Row3335","FALSE"
"Row3336","FALSE"
"Row3337","FALSE"
"Row3338","TRUE"
"Row3339","FALSE"
"Row3340","FALSE"
"Row3341","FALSE"
"Row3342","TRUE"
"Row3343","FALSE"
"Row3344","FALSE"
"Row3345","FALSE"
"Row3346","FALSE"
"Row3347","TRUE"
"Row3348","FALSE"
"Row3349","FALSE"
"Row3350","TRUE"
"Row3351","FALSE"
"Row3352","FALSE"
"Row3353","FALSE"
"Row3354","FALSE"
"Row3355","FALSE"
"Row3356","TRUE"
"Row3357","TRUE"
"Row3358","TRUE"
"Row3359","FALSE"
"Row3360","FALSE"
"Row3361","FALSE"
"Row3362","TRUE"
"Row3363","FALSE"
"Row3364","FALSE"
"Row3365","FALSE"
"Row3366","FALSE"
"Row3367","FALSE"
"Row3368","FALSE"
"Row3369","FALSE"
"Row3370","FALSE"
"Row3371","FALSE"
"Row3372","FALSE"
"Row3373","FALSE"
"Row3374","FALSE"
"Row3375","FALSE"
"Row3376","FALSE"
"Row3377","FALSE"
"Row3378","FALSE"
"Row3379","FALSE"
"Row3380","FALSE"
"Row3381","FALSE"
"Row3382","FALSE"
"Row3383","FALSE"
"Row3384","FALSE"
"Row3385","FALSE"
"Row3386","FALSE"
"Row3387","FALSE"
"Row3388","FALSE"
"Row3389","FALSE"
"Row3390","FALSE"
"Row3391","FALSE"
"Row3392","FALSE"
"Row3393","FALSE"
"Row3394","FALSE"
"Row3395","FALSE"
"Row3396","TRUE"
"Row3397","TRUE"
"Row3398","TRUE"
"Row3399","TRUE"
"Row3400","FALSE"
"Row3401","FALSE"
"Row3402","TRUE"
"Row3403","FALSE"
"Row3404","TRUE"
"Row3405","FALSE"
"Row3406","FALSE"
"Row3407","TRUE"
"Row3408","FALSE"
"Row3409","FALSE"
"Row3410","FALSE"
"Row3411","FALSE"
"Row3412","FALSE"
"Row3413","FALSE"
"Row3414","FALSE"
"Row3415","FALSE"
"Row3416","TRUE"
"Row3417","TRUE"
"Row3418","TRUE"
"Row3419","TRUE"
"Row3420","FALSE"
"Row3421","FALSE"
"Row3422","TRUE"
"Row3423","FALSE"
"Row3424","FALSE"
"Row3425","TRUE"
"Row3426","FALSE"
"Row3427","TRUE"
"Row3428","FALSE"
"Row3429","TRUE"
"Row3430","FALSE"
"Row3431","TRUE"
"Row3432","FALSE"
"Row3433","FALSE"
"Row3434","FALSE"
"Row3435","TRUE"
"Row3436","TRUE"
"Row3437","TRUE"
"Row3438","TRUE"
"Row3439","TRUE"
"Row3440","FALSE"
"Row3441","FALSE"
"Row3442","TRUE"
"Row3443","TRUE"
"Row3444","FALSE"
"Row3445","TRUE"
"Row3446","FALSE"
"Row3447","FALSE"
"Row3448","FALSE"
"Row3449","FALSE"
"Row3450","FALSE"
"Row3451","FALSE"
"Row3452","FALSE"
"Row3453","FALSE"
"Row3454","FALSE"
"Row3455","TRUE"
"Row3456","FALSE"
"Row3457","FALSE"
"Row3458","TRUE"
"Row3459","FALSE"
"Row3460","FALSE"
"Row3461","FALSE"
"Row3462","FALSE"
"Row3463","FALSE"
"Row3464","FALSE"
"Row3465","FALSE"
"Row3466","TRUE"
"Row3467","FALSE"
"Row3468","TRUE"
"Row3469","TRUE"
"Row3470","FALSE"
"Row3471","FALSE"
"Row3472","TRUE"
"Row3473","FALSE"
"Row3474","TRUE"
"Row3475","FALSE"
"Row3476","TRUE"
"Row3477","FALSE"
"Row3478","FALSE"
"Row3479","FALSE"
"Row3480","FALSE"
"Row3481","FALSE"
"Row3482","FALSE"
"Row3483","FALSE"
"Row3484","FALSE"
"Row3485","FALSE"
"Row3486","FALSE"
"Row3487","TRUE"
"Row3488","FALSE"
"Row3489","FALSE"
"Row3490","TRUE"
"Row3491","FALSE"
"Row3492","FALSE"
"Row3493","TRUE"
"Row3494","FALSE"
"Row3495","FALSE"
"Row3496","FALSE"
"Row3497","FALSE"
"Row3498","FALSE"
"Row3499","FALSE"
"Row3500","TRUE"
"Row3501","TRUE"
"Row3502","FALSE"
"Row3503","FALSE"
"Row3504","TRUE"
"Row3505","FALSE"
"Row3506","FALSE"
"Row3507","FALSE"
"Row3508","FALSE"
"Row3509","FALSE"
"Row3510","TRUE"
"Row3511","FALSE"
"Row3512","FALSE"
"Row3513","FALSE"
"Row3514","FALSE"
"Row3515","TRUE"
"Row3516","FALSE"
"Row3517","FALSE"
"Row3518","TRUE"
"Row3519","FALSE"
"Row3520","TRUE"
"Row3521","FALSE"
"Row3522","TRUE"
"Row3523","FALSE"
"Row3524","TRUE"
"Row3525","TRUE"
"Row3526","TRUE"
"Row3527","TRUE"
"Row3528","TRUE"
"Row3529","FALSE"
"Row3530","TRUE"
"Row3531","FALSE"
"Row3532","FALSE"
"Row3533","FALSE"
"Row3534","FALSE"
"Row3535","FALSE"
"Row3536","TRUE"
"Row3537","FALSE"
"Row3538","FALSE"
"Row3539","FALSE"
"Row3540","FALSE"
"Row3541","FALSE"
"Row3542","FALSE"
"Row3543","TRUE"
"Row3544","FALSE"
"Row3545","FALSE"
"Row3546","FALSE"
"Row3547","FALSE"
"Row3548","FALSE"
"Row3549","TRUE"
"Row3550","FALSE"
"Row3551","FALSE"
"Row3552","FALSE"
"Row3553","FALSE"
"Row3554","TRUE"
"Row3555","FALSE"
"Row3556","TRUE"
"Row3557","FALSE"
"Row3558","TRUE"
"Row3559","TRUE"
"Row3560","FALSE"
"Row3561","FALSE"
"Row3562","FALSE"
"Row3563","FALSE"
"Row3564","FALSE"
"Row3565","FALSE"
"Row3566","FALSE"
"Row3567","FALSE"
"Row3568","FALSE"
"Row3569","FALSE"
"Row3570","FALSE"
"Row3571","TRUE"
"Row3572","FALSE"
"Row3573","FALSE"
"Row3574","TRUE"
"Row3575","FALSE"
"Row3576","FALSE"
"Row3577","FALSE"
"Row3578","TRUE"
"Row3579","TRUE"
"Row3580","FALSE"
"Row3581","FALSE"
"Row3582","FALSE"
"Row3583","FALSE"
"Row3584","FALSE"
"Row3585","FALSE"
"Row3586","FALSE"
"Row3587","FALSE"
"Row3588","FALSE"
"Row3589","FALSE"
"Row3590","FALSE"
"Row3591","FALSE"
"Row3592","FALSE"
"Row3593","FALSE"
"Row3594","FALSE"
"Row3595","TRUE"
"Row3596","TRUE"
"Row3597","TRUE"
"Row3598","FALSE"
"Row3599","FALSE"
"Row3600","FALSE"
"Row3601","FALSE"
"Row3602","TRUE"
"Row3603","TRUE"
"Row3604","FALSE"
"Row3605","FALSE"
"Row3606","FALSE"
"Row3607","FALSE"
"Row3608","FALSE"
"Row3609","FALSE"
"Row3610","FALSE"
"Row3611","FALSE"
"Row3612","FALSE"
"Row3613","FALSE"
"Row3614","FALSE"
"Row3615","TRUE"
"Row3616","TRUE"
"Row3617","FALSE"
"Row3618","TRUE"
"Row3619","FALSE"
"Row3620","FALSE"
"Row3621","FALSE"
"Row3622","TRUE"
"Row3623","FALSE"
"Row3624","TRUE"
"Row3625","TRUE"
"Row3626","FALSE"
"Row3627","TRUE"
"Row3628","FALSE"
"Row3629","TRUE"
"Row3630","FALSE"
"Row3631","FALSE"
"Row3632","TRUE"
"Row3633","FALSE"
"Row3634","TRUE"
"Row3635","TRUE"
"Row3636","TRUE"
"Row3637","TRUE"
"Row3638","FALSE"
"Row3639","FALSE"
"Row3640","TRUE"
"Row3641","FALSE"
"Row3642","FALSE"
"Row3643","TRUE"
"Row3644","TRUE"
"Row3645","TRUE"
"Row3646","TRUE"
"Row3647","TRUE"
"Row3648","TRUE"
"Row3649","TRUE"
"Row3650","FALSE"
"Row3651","TRUE"
"Row3652","FALSE"
"Row3653","TRUE"
"Row3654","TRUE"
"Row3655","FALSE"
"Row3656","FALSE"
"Row3657","FALSE"
"Row3658","TRUE"
"Row3659","FALSE"
"Row3660","TRUE"
"Row3661","TRUE"
"Row3662","TRUE"
"Row3663","FALSE"
"Row3664","FALSE"
"Row3665","FALSE"
"Row3666","FALSE"
"Row3667","FALSE"
"Row3668","FALSE"
"Row3669","FALSE"
"Row3670","FALSE"
"Row3671","TRUE"
"Row3672","FALSE"
"Row3673","FALSE"
"Row3674","FALSE"
"Row3675","FALSE"
"Row3676","FALSE"
"Row3677","FALSE"
"Row3678","FALSE"
"Row3679","FALSE"
"Row3680","FALSE"
"Row3681","FALSE"
"Row3682","TRUE"
"Row3683","FALSE"
"Row3684","FALSE"
"Row3685","FALSE"
"Row3686","FALSE"
"Row3687","FALSE"
"Row3688","FALSE"
"Row3689","FALSE"
"Row3690","TRUE"
"Row3691","FALSE"
"Row3692","FALSE"
"Row3693","TRUE"
"Row3694","FALSE"
"Row3695","TRUE"
"Row3696","TRUE"
"Row3697","FALSE"
"Row3698","FALSE"
"Row3699","FALSE"
"Row3700","FALSE"
"Row3701","FALSE"
"Row3702","FALSE"
"Row3703","FALSE"
"Row3704","TRUE"
"Row3705","TRUE"
"Row3706","FALSE"
"Row3707","FALSE"
"Row3708","FALSE"
"Row3709","FALSE"
"Row3710","FALSE"
"Row3711","FALSE"
"Row3712","TRUE"
"Row3713","FALSE"
"Row3714","FALSE"
"Row3715","FALSE"
"Row3716","FALSE"
"Row3717","FALSE"
"Row3718","FALSE"
"Row3719","FALSE"
"Row3720","TRUE"
"Row3721","FALSE"
"Row3722","FALSE"
"Row3723","FALSE"
"Row3724","FALSE"
"Row3725","TRUE"
"Row3726","TRUE"
"Row3727","FALSE"
"Row3728","FALSE"
"Row3729","FALSE"
"Row3730","TRUE"
"Row3731","FALSE"
"Row3732","FALSE"
"Row3733","TRUE"
"Row3734","FALSE"
"Row3735","FALSE"
"Row3736","TRUE"
"Row3737","FALSE"
"Row3738","FALSE"
"Row3739","FALSE"
"Row3740","FALSE"
"Row3741","FALSE"
"Row3742","FALSE"
"Row3743","FALSE"
"Row3744","FALSE"
"Row3745","FALSE"
"Row3746","FALSE"
"Row3747","FALSE"
"Row3748","FALSE"
"Row3749","FALSE"
"Row3750","FALSE"
"Row3751","FALSE"
"Row3752","FALSE"
"Row3753","FALSE"
"Row3754","FALSE"
"Row3755","FALSE"
"Row3756","FALSE"
"Row3757","FALSE"
"Row3758","TRUE"
"Row3759","FALSE"
"Row3760","FALSE"
"Row3761","TRUE"
"Row3762","TRUE"
"Row3763","TRUE"
"Row3764","FALSE"
"Row3765","FALSE"
"Row3766","TRUE"
"Row3767","TRUE"
"Row3768","FALSE"
"Row3769","FALSE"
"Row3770","FALSE"
"Row3771","FALSE"
"Row3772","FALSE"
"Row3773","FALSE"
"Row3774","FALSE"
"Row3775","FALSE"
"Row3776","FALSE"
"Row3777","FALSE"
"Row3778","FALSE"
"Row3779","FALSE"
"Row3780","FALSE"
"Row3781","FALSE"
"Row3782","FALSE"
"Row3783","FALSE"
"Row3784","FALSE"
"Row3785","FALSE"
"Row3786","FALSE"
"Row3787","FALSE"
"Row3788","FALSE"
"Row3789","TRUE"
"Row3790","TRUE"
"Row3791","FALSE"
"Row3792","TRUE"
"Row3793","TRUE"
"Row3794","FALSE"
"Row3795","FALSE"
"Row3796","FALSE"
"Row3797","FALSE"
"Row3798","FALSE"
"Row3799","FALSE"
"Row3800","FALSE"
"Row3801","FALSE"
"Row3802","FALSE"
"Row3803","FALSE"
"Row3804","FALSE"
"Row3805","FALSE"
"Row3806","FALSE"
"Row3807","FALSE"
"Row3808","FALSE"
"Row3809","FALSE"
"Row3810","FALSE"
"Row3811","FALSE"
"Row3812","FALSE"
"Row3813","TRUE"
"Row3814","FALSE"
"Row3815","FALSE"
"Row3816","TRUE"
"Row3817","TRUE"
"Row3818","FALSE"
"Row3819","FALSE"
"Row3820","FALSE"
"Row3821","FALSE"
"Row3822","FALSE"
"Row3823","FALSE"
"Row3824","FALSE"
"Row3825","FALSE"
"Row3826","FALSE"
"Row3827","FALSE"
"Row3828","FALSE"
"Row3829","FALSE"
"Row3830","TRUE"
"Row3831","TRUE"
"Row3832","FALSE"
"Row3833","FALSE"
"Row3834","FALSE"
"Row3835","TRUE"
"Row3836","FALSE"
"Row3837","FALSE"
"Row3838","FALSE"
"Row3839","FALSE"
"Row3840","TRUE"
"Row3841","FALSE"
"Row3842","FALSE"
"Row3843","FALSE"
"Row3844","FALSE"
"Row3845","FALSE"
"Row3846","FALSE"
"Row3847","FALSE"
"Row3848","FALSE"
"Row3849","FALSE"
"Row3850","FALSE"
"Row3851","FALSE"
"Row3852","FALSE"
"Row3853","FALSE"
"Row3854","FALSE"
"Row3855","FALSE"
"Row3856","TRUE"
"Row3857","FALSE"
"Row3858","TRUE"
"Row3859","FALSE"
"Row3860","TRUE"
"Row3861","TRUE"
"Row3862","FALSE"
"Row3863","FALSE"
"Row3864","TRUE"
"Row3865","FALSE"
"Row3866","FALSE"
"Row3867","FALSE"
"Row3868","FALSE"
"Row3869","FALSE"
"Row3870","FALSE"
"Row3871","FALSE"
"Row3872","FALSE"
"Row3873","FALSE"
"Row3874","FALSE"
"Row3875","FALSE"
"Row3876","TRUE"
"Row3877","TRUE"
"Row3878","TRUE"
"Row3879","FALSE"
"Row3880","FALSE"
"Row3881","TRUE"
"Row3882","TRUE"
"Row3883","FALSE"
"Row3884","TRUE"
"Row3885","FALSE"
"Row3886","FALSE"
"Row3887","FALSE"
"Row3888","FALSE"
"Row3889","FALSE"
"Row3890","FALSE"
"Row3891","FALSE"
"Row3892","FALSE"
"Row3893","FALSE"
"Row3894","FALSE"
"Row3895","TRUE"
"Row3896","FALSE"
"Row3897","TRUE"
"Row3898","FALSE"
"Row3899","TRUE"
"Row3900","FALSE"
"Row3901","TRUE"
"Row3902","FALSE"
"Row3903","FALSE"
"Row3904","FALSE"
"Row3905","FALSE"
"Row3906","TRUE"
"Row3907","FALSE"
"Row3908","TRUE"
"Row3909","FALSE"
"Row3910","FALSE"
"Row3911","TRUE"
"Row3912","FALSE"
"Row3913","FALSE"
"Row3914","FALSE"
"Row3915","FALSE"
"Row3916","TRUE"
"Row3917","FALSE"
"Row3918","FALSE"
"Row3919","TRUE"
"Row3920","FALSE"
"Row3921","FALSE"
"Row3922","TRUE"
"Row3923","TRUE"
"Row3924","FALSE"
"Row3925","TRUE"
"Row3926","FALSE"
"Row3927","TRUE"
"Row3928","FALSE"
"Row3929","FALSE"
"Row3930","FALSE"
"Row3931","TRUE"
"Row3932","TRUE"
"Row3933","FALSE"
"Row3934","FALSE"
"Row3935","FALSE"
"Row3936","FALSE"
"Row3937","FALSE"
"Row3938","TRUE"
"Row3939","TRUE"
"Row3940","FALSE"
"Row3941","FALSE"
"Row3942","TRUE"
"Row3943","TRUE"
"Row3944","FALSE"
"Row3945","FALSE"
"Row3946","FALSE"
"Row3947","FALSE"
"Row3948","FALSE"
"Row3949","FALSE"
"Row3950","TRUE"
"Row3951","FALSE"
"Row3952","FALSE"
"Row3953","FALSE"
"Row3954","FALSE"
"Row3955","FALSE"
"Row3956","FALSE"
"Row3957","FALSE"
"Row3958","TRUE"
"Row3959","FALSE"
"Row3960","FALSE"
"Row3961","FALSE"
"Row3962","FALSE"
"Row3963","TRUE"
"Row3964","TRUE"
"Row3965","FALSE"
"Row3966","FALSE"
"Row3967","FALSE"
"Row3968","TRUE"
"Row3969","FALSE"
"Row3970","FALSE"
"Row3971","FALSE"
"Row3972","FALSE"
"Row3973","FALSE"
"Row3974","FALSE"
"Row3975","FALSE"
"Row3976","FALSE"
"Row3977","FALSE"
"Row3978","FALSE"
"Row3979","FALSE"
"Row3980","FALSE"
"Row3981","TRUE"
"Row3982","FALSE"
"Row3983","FALSE"
"Row3984","FALSE"
"Row3985","FALSE"
"Row3986","TRUE"
"Row3987","TRUE"
"Row3988","FALSE"
"Row3989","FALSE"
"Row3990","FALSE"
"Row3991","FALSE"
"Row3992","FALSE"
"Row3993","TRUE"
"Row3994","FALSE"
"Row3995","FALSE"
"Row3996","FALSE"
"Row3997","FALSE"
"Row3998","FALSE"
"Row3999","FALSE"
"Row4000","TRUE"
"Row4001","FALSE"
"Row4002","FALSE"
"Row4003","FALSE"
"Row4004","TRUE"
"Row4005","FALSE"
"Row4006","FALSE"
"Row4007","TRUE"
"Row4008","TRUE"
"Row4009","FALSE"
"Row4010","TRUE"
"Row4011","TRUE"
"Row4012","FALSE"
"Row4013","TRUE"
"Row4014","TRUE"
"Row4015","TRUE"
"Row4016","FALSE"
"Row4017","FALSE"
"Row4018","FALSE"
"Row4019","FALSE"
"Row4020","FALSE"
"Row4021","FALSE"
"Row4022","TRUE"
"Row4023","FALSE"
"Row4024","FALSE"
"Row4025","FALSE"
"Row4026","TRUE"
"Row4027","FALSE"
"Row4028","TRUE"
"Row4029","TRUE"
"Row4030","FALSE"
"Row4031","FALSE"
"Row4032","FALSE"
"Row4033","FALSE"
"Row4034","FALSE"
"Row4035","FALSE"
"Row4036","TRUE"
"Row4037","FALSE"
"Row4038","FALSE"
"Row4039","FALSE"
"Row4040","FALSE"
"Row4041","TRUE"
"Row4042","FALSE"
"Row4043","FALSE"
"Row4044","TRUE"
"Row4045","FALSE"
"Row4046","FALSE"
"Row4047","FALSE"
"Row4048","FALSE"
"Row4049","FALSE"
"Row4050","TRUE"
"Row4051","FALSE"
"Row4052","FALSE"
"Row4053","FALSE"
"Row4054","FALSE"
"Row4055","FALSE"
"Row4056","FALSE"
"Row4057","FALSE"
"Row4058","TRUE"
"Row4059","TRUE"
"Row4060","FALSE"
"Row4061","TRUE"
"Row4062","TRUE"
"Row4063","FALSE"
"Row4064","FALSE"
"Row4065","FALSE"
"Row4066","FALSE"
"Row4067","FALSE"
"Row4068","FALSE"
"Row4069","FALSE"
"Row4070","FALSE"
"Row4071","FALSE"
"Row4072","TRUE"
"Row4073","FALSE"
"Row4074","TRUE"
"Row4075","TRUE"
"Row4076","FALSE"
"Row4077","FALSE"
"Row4078","TRUE"
"Row4079","TRUE"
"Row4080","FALSE"
"Row4081","FALSE"
"Row4082","FALSE"
"Row4083","TRUE"
"Row4084","FALSE"
"Row4085","FALSE"
"Row4086","FALSE"
"Row4087","FALSE"
"Row4088","FALSE"
"Row4089","FALSE"
"Row4090","FALSE"
"Row4091","FALSE"
"Row4092","FALSE"
"Row4093","FALSE"
"Row4094","FALSE"
"Row4095","FALSE"
"Row4096","TRUE"
"Row4097","FALSE"
"Row4098","FALSE"
"Row4099","TRUE"
"Row4100","FALSE"
"Row4101","TRUE"
"Row4102","FALSE"
"Row4103","FALSE"
"Row4104","FALSE"
"Row4105","FALSE"
"Row4106","FALSE"
"Row4107","FALSE"
"Row4108","FALSE"
"Row4109","FALSE"
"Row4110","FALSE"
"Row4111","FALSE"
"Row4112","FALSE"
"Row4113","FALSE"
"Row4114","TRUE"
"Row4115","FALSE"
"Row4116","FALSE"
"Row4117","FALSE"
"Row4118","FALSE"
"Row4119","TRUE"
"Row4120","FALSE"
"Row4121","FALSE"
"Row4122","FALSE"
"Row4123","TRUE"
"Row4124","FALSE"
"Row4125","FALSE"
"Row4126","TRUE"
"Row4127","FALSE"
"Row4128","TRUE"
"Row4129","FALSE"
"Row4130","TRUE"
"Row4131","FALSE"
"Row4132","FALSE"
"Row4133","TRUE"
"Row4134","FALSE"
"Row4135","FALSE"
"Row4136","FALSE"
"Row4137","FALSE"
"Row4138","TRUE"
"Row4139","TRUE"
"Row4140","TRUE"
"Row4141","FALSE"
"Row4142","FALSE"
"Row4143","TRUE"
"Row4144","FALSE"
"Row4145","FALSE"
"Row4146","TRUE"
"Row4147","TRUE"
"Row4148","FALSE"
"Row4149","TRUE"
"Row4150","TRUE"
"Row4151","FALSE"
"Row4152","FALSE"
"Row4153","TRUE"
"Row4154","FALSE"
"Row4155","FALSE"
"Row4156","FALSE"
"Row4157","FALSE"
"Row4158","FALSE"
"Row4159","FALSE"
"Row4160","TRUE"
"Row4161","FALSE"
"Row4162","FALSE"
"Row4163","TRUE"
"Row4164","FALSE"
"Row4165","FALSE"
"Row4166","FALSE"
"Row4167","TRUE"
"Row4168","FALSE"
"Row4169","FALSE"
"Row4170","TRUE"
"Row4171","TRUE"
"Row4172","TRUE"
"Row4173","TRUE"
"Row4174","FALSE"
"Row4175","FALSE"
"Row4176","FALSE"
"Row4177","TRUE"
"Row4178","TRUE"
"Row4179","TRUE"
"Row4180","TRUE"
"Row4181","FALSE"
"Row4182","FALSE"
"Row4183","FALSE"
"Row4184","TRUE"
"Row4185","FALSE"
"Row4186","TRUE"
"Row4187","FALSE"
"Row4188","FALSE"
"Row4189","TRUE"
"Row4190","FALSE"
"Row4191","FALSE"
"Row4192","FALSE"
"Row4193","TRUE"
"Row4194","FALSE"
"Row4195","TRUE"
"Row4196","TRUE"
"Row4197","FALSE"
"Row4198","FALSE"
"Row4199","FALSE"
"Row4200","FALSE"
"Row4201","FALSE"
"Row4202","FALSE"
"Row4203","TRUE"
"Row4204","TRUE"
"Row4205","FALSE"
"Row4206","FALSE"
"Row4207","FALSE"
"Row4208","FALSE"
"Row4209","FALSE"
"Row4210","FALSE"
"Row4211","TRUE"
"Row4212","FALSE"
"Row4213","FALSE"
"Row4214","FALSE"
"Row4215","FALSE"
"Row4216","FALSE"
"Row4217","FALSE"
"Row4218","FALSE"
"Row4219","FALSE"
"Row4220","FALSE"
"Row4221","FALSE"
"Row4222","FALSE"
"Row4223","FALSE"
"Row4224","FALSE"
"Row4225","FALSE"
"Row4226","FALSE"
"Row4227","FALSE"
"Row4228","FALSE"
"Row4229","FALSE"
"Row4230","FALSE"
"Row4231","FALSE"
"Row4232","FALSE"
"Row4233","TRUE"
"Row4234","FALSE"
"Row4235","FALSE"
"Row4236","FALSE"
"Row4237","FALSE"
"Row4238","FALSE"
"Row4239","TRUE"
"Row4240","FALSE"
"Row4241","FALSE"
"Row4242","FALSE"
"Row4243","FALSE"
"Row4244","FALSE"
"Row4245","FALSE"
"Row4246","FALSE"
"Row4247","FALSE"
"Row4248","FALSE"
"Row4249","FALSE"
"Row4250","FALSE"
"Row4251","FALSE"
"Row4252","FALSE"
"Row4253","FALSE"
"Row4254","FALSE"
"Row4255","FALSE"
"Row4256","FALSE"
"Row4257","FALSE"
"Row4258","TRUE"
"Row4259","FALSE"
"Row4260","FALSE"
"Row4261","TRUE"
"Row4262","FALSE"
"Row4263","TRUE"
"Row4264","TRUE"
"Row4265","FALSE"
"Row4266","FALSE"
"Row4267","FALSE"
"Row4268","TRUE"
"Row4269","TRUE"
"Row4270","TRUE"
"Row4271","FALSE"
"Row4272","TRUE"
"Row4273","FALSE"
"Row4274","TRUE"
"Row4275","TRUE"
"Row4276","TRUE"
"Row4277","FALSE"
"Row4278","TRUE"
"Row4279","TRUE"
"Row4280","FALSE"
"Row4281","FALSE"
"Row4282","TRUE"
"Row4283","FALSE"
"Row4284","TRUE"
"Row4285","TRUE"
"Row4286","TRUE"
"Row4287","FALSE"
"Row4288","TRUE"
"Row4289","TRUE"
"Row4290","FALSE"
"Row4291","TRUE"
"Row4292","FALSE"
"Row4293","FALSE"
"Row4294","FALSE"
"Row4295","FALSE"
"Row4296","FALSE"
"Row4297","FALSE"
"Row4298","TRUE"
"Row4299","FALSE"
"Row4300","TRUE"
"Row4301","TRUE"
"Row4302","FALSE"
"Row4303","TRUE"
"Row4304","FALSE"
"Row4305","FALSE"
"Row4306","FALSE"
"Row4307","TRUE"
"Row4308","FALSE"
"Row4309","FALSE"
"Row4310","FALSE"
"Row4311","TRUE"
"Row4312","FALSE"
"Row4313","FALSE"
"Row4314","FALSE"
"Row4315","FALSE"
"Row4316","TRUE"
"Row4317","FALSE"
"Row4318","FALSE"
"Row4319","FALSE"
"Row4320","FALSE"
"Row4321","TRUE"
"Row4322","FALSE"
"Row4323","FALSE"
"Row4324","FALSE"
"Row4325","FALSE"
"Row4326","FALSE"
"Row4327","TRUE"
"Row4328","FALSE"
"Row4329","FALSE"
"Row4330","TRUE"
"Row4331","TRUE"
"Row4332","TRUE"
"Row4333","FALSE"
"Row4334","FALSE"
"Row4335","TRUE"
"Row4336","FALSE"
"Row4337","FALSE"
"Row4338","FALSE"
"Row4339","FALSE"
"Row4340","FALSE"
"Row4341","FALSE"
"Row4342","FALSE"
"Row4343","FALSE"
"Row4344","FALSE"
"Row4345","FALSE"
"Row4346","FALSE"
"Row4347","FALSE"
"Row4348","FALSE"
"Row4349","FALSE"
"Row4350","TRUE"
"Row4351","FALSE"
"Row4352","FALSE"
"Row4353","FALSE"
"Row4354","FALSE"
"Row4355","FALSE"
"Row4356","FALSE"
"Row4357","FALSE"
"Row4358","TRUE"
"Row4359","FALSE"
"Row4360","FALSE"
"Row4361","TRUE"
"Row4362","FALSE"
"Row4363","FALSE"
"Row4364","FALSE"
"Row4365","FALSE"
"Row4366","FALSE"
"Row4367","FALSE"
"Row4368","FALSE"
"Row4369","FALSE"
"Row4370","FALSE"
"Row4371","FALSE"
"Row4372","TRUE"
"Row4373","FALSE"
"Row4374","FALSE"
"Row4375","TRUE"
"Row4376","FALSE"
"Row4377","FALSE"
"Row4378","FALSE"
"Row4379","FALSE"
"Row4380","FALSE"
"Row4381","FALSE"
"Row4382","TRUE"
"Row4383","FALSE"
"Row4384","TRUE"
"Row4385","FALSE"
"Row4386","FALSE"
"Row4387","FALSE"
"Row4388","FALSE"
"Row4389","FALSE"
"Row4390","TRUE"
"Row4391","FALSE"
"Row4392","FALSE"
"Row4393","FALSE"
"Row4394","FALSE"
"Row4395","FALSE"
"Row4396","FALSE"
"Row4397","FALSE"
"Row4398","FALSE"
"Row4399","FALSE"
"Row4400","FALSE"
"Row4401","FALSE"
"Row4402","TRUE"
"Row4403","TRUE"
"Row4404","TRUE"
"Row4405","FALSE"
"Row4406","FALSE"
"Row4407","TRUE"
"Row4408","TRUE"
"Row4409","TRUE"
"Row4410","FALSE"
"Row4411","FALSE"
"Row4412","TRUE"
"Row4413","TRUE"
"Row4414","FALSE"
"Row4415","FALSE"
"Row4416","TRUE"
"Row4417","FALSE"
"Row4418","FALSE"
"Row4419","FALSE"
"Row4420","FALSE"
"Row4421","FALSE"
"Row4422","FALSE"
"Row4423","FALSE"
"Row4424","FALSE"
"Row4425","FALSE"
"Row4426","FALSE"
"Row4427","FALSE"
"Row4428","FALSE"
"Row4429","FALSE"
"Row4430","TRUE"
"Row4431","FALSE"
"Row4432","TRUE"
"Row4433","FALSE"
"Row4434","FALSE"
"Row4435","TRUE"
"Row4436","TRUE"
"Row4437","FALSE"
"Row4438","FALSE"
"Row4439","TRUE"
"Row4440","FALSE"
"Row4441","FALSE"
"Row4442","FALSE"
"Row4443","FALSE"
"Row4444","FALSE"
"Row4445","FALSE"
"Row4446","FALSE"
"Row4447","FALSE"
"Row4448","TRUE"
"Row4449","FALSE"
"Row4450","FALSE"
"Row4451","FALSE"
"Row4452","FALSE"
"Row4453","TRUE"
"Row4454","FALSE"
"Row4455","FALSE"
"Row4456","FALSE"
"Row4457","FALSE"
"Row4458","FALSE"
"Row4459","FALSE"
"Row4460","FALSE"
"Row4461","FALSE"
"Row4462","FALSE"
"Row4463","FALSE"
"Row4464","FALSE"
"Row4465","FALSE"
"Row4466","TRUE"
"Row4467","FALSE"
"Row4468","FALSE"
"Row4469","TRUE"
"Row4470","FALSE"
"Row4471","TRUE"
"Row4472","FALSE"
"Row4473","FALSE"
"Row4474","FALSE"
"Row4475","FALSE"
"Row4476","FALSE"
"Row4477","FALSE"
"Row4478","FALSE"
"Row4479","FALSE"
"Row4480","FALSE"
"Row4481","TRUE"
"Row4482","TRUE"
"Row4483","FALSE"
"Row4484","FALSE"
"Row4485","FALSE"
"Row4486","FALSE"
"Row4487","FALSE"
"Row4488","FALSE"
"Row4489","FALSE"
"Row4490","FALSE"
"Row4491","FALSE"
"Row4492","FALSE"
"Row4493","FALSE"
"Row4494","FALSE"
"Row4495","TRUE"
"Row4496","FALSE"
"Row4497","TRUE"
"Row4498","TRUE"
"Row4499","TRUE"
"Row4500","FALSE"
"Row4501","TRUE"
"Row4502","TRUE"
"Row4503","FALSE"
"Row4504","TRUE"
"Row4505","FALSE"
"Row4506","TRUE"
"Row4507","FALSE"
"Row4508","TRUE"
"Row4509","TRUE"
"Row4510","TRUE"
"Row4511","TRUE"
"Row4512","FALSE"
"Row4513","FALSE"
"Row4514","FALSE"
"Row4515","FALSE"
"Row4516","TRUE"
"Row4517","TRUE"
"Row4518","TRUE"
"Row4519","TRUE"
"Row4520","FALSE"
"Row4521","TRUE"
"Row4522","TRUE"
"Row4523","FALSE"
"Row4524","FALSE"
"Row4525","FALSE"
"Row4526","FALSE"
"Row4527","FALSE"
"Row4528","FALSE"
"Row4529","FALSE"
"Row4530","FALSE"
"Row4531","FALSE"
"Row4532","FALSE"
"Row4533","FALSE"
"Row4534","FALSE"
"Row4535","FALSE"
"Row4536","TRUE"
"Row4537","TRUE"
"Row4538","FALSE"
"Row4539","TRUE"
"Row4540","FALSE"
"Row4541","FALSE"
"Row4542","TRUE"
"Row4543","FALSE"
"Row4544","TRUE"
"Row4545","TRUE"
"Row4546","TRUE"
"Row4547","FALSE"
"Row4548","TRUE"
"Row4549","FALSE"
"Row4550","FALSE"
"Row4551","FALSE"
"Row4552","FALSE"
"Row4553","FALSE"
"Row4554","FALSE"
"Row4555","FALSE"
"Row4556","TRUE"
"Row4557","TRUE"
"Row4558","FALSE"
"Row4559","FALSE"
"Row4560","TRUE"
"Row4561","FALSE"
"Row4562","FALSE"
"Row4563","TRUE"
"Row4564","TRUE"
"Row4565","FALSE"
"Row4566","FALSE"
"Row4567","FALSE"
"Row4568","FALSE"
"Row4569","FALSE"
"Row4570","TRUE"
"Row4571","FALSE"
"Row4572","FALSE"
"Row4573","FALSE"
"Row4574","TRUE"
"Row4575","TRUE"
"Row4576","FALSE"
"Row4577","FALSE"
"Row4578","FALSE"
"Row4579","FALSE"
"Row4580","FALSE"
"Row4581","FALSE"
"Row4582","FALSE"
"Row4583","TRUE"
"Row4584","FALSE"
"Row4585","FALSE"
"Row4586","FALSE"
"Row4587","FALSE"
"Row4588","FALSE"
"Row4589","FALSE"
"Row4590","FALSE"
"Row4591","FALSE"
"Row4592","FALSE"
"Row4593","FALSE"
"Row4594","FALSE"
"Row4595","TRUE"
"Row4596","FALSE"
"Row4597","FALSE"
"Row4598","TRUE"
"Row4599","FALSE"
"Row4600","FALSE"
"Row4601","FALSE"
"Row4602","FALSE"
"Row4603","FALSE"
"Row4604","FALSE"
"Row4605","FALSE"
"Row4606","TRUE"
"Row4607","FALSE"
"Row4608","TRUE"
"Row4609","FALSE"
"Row4610","FALSE"
"Row4611","FALSE"
"Row4612","TRUE"
"Row4613","FALSE"
"Row4614","TRUE"
"Row4615","TRUE"
"Row4616","TRUE"
"Row4617","TRUE"
"Row4618","TRUE"
"Row4619","TRUE"
"Row4620","TRUE"
"Row4621","TRUE"
"Row4622","FALSE"
"Row4623","FALSE"
"Row4624","FALSE"
"Row4625","FALSE"
"Row4626","FALSE"
"Row4627","FALSE"
"Row4628","TRUE"
"Row4629","FALSE"
"Row4630","FALSE"
"Row4631","FALSE"
"Row4632","TRUE"
"Row4633","FALSE"
"Row4634","TRUE"
"Row4635","TRUE"
"Row4636","TRUE"
"Row4637","TRUE"
"Row4638","TRUE"
"Row4639","FALSE"
"Row4640","FALSE"
"Row4641","TRUE"
"Row4642","TRUE"
"Row4643","FALSE"
"Row4644","FALSE"
"Row4645","FALSE"
"Row4646","FALSE"
"Row4647","FALSE"
"Row4648","FALSE"
"Row4649","TRUE"
"Row4650","FALSE"
"Row4651","FALSE"
"Row4652","FALSE"
"Row4653","FALSE"
"Row4654","TRUE"
"Row4655","FALSE"
"Row4656","FALSE"
"Row4657","FALSE"
"Row4658","FALSE"
"Row4659","FALSE"
"Row4660","FALSE"
"Row4661","FALSE"
"Row4662","FALSE"
"Row4663","FALSE"
"Row4664","FALSE"
"Row4665","TRUE"
"Row4666","FALSE"
"Row4667","FALSE"
"Row4668","TRUE"
"Row4669","TRUE"
"Row4670","FALSE"
"Row4671","FALSE"
"Row4672","FALSE"
"Row4673","FALSE"
"Row4674","FALSE"
"Row4675","FALSE"
"Row4676","FALSE"
"Row4677","FALSE"
"Row4678","FALSE"
"Row4679","TRUE"
"Row4680","TRUE"
"Row4681","FALSE"
"Row4682","TRUE"
"Row4683","FALSE"
"Row4684","FALSE"
"Row4685","FALSE"
"Row4686","FALSE"
"Row4687","TRUE"
"Row4688","FALSE"
"Row4689","FALSE"
"Row4690","FALSE"
"Row4691","FALSE"
"Row4692","FALSE"
"Row4693","TRUE"
"Row4694","FALSE"
"Row4695","FALSE"
"Row4696","FALSE"
"Row4697","FALSE"
"Row4698","TRUE"
"Row4699","FALSE"
"Row4700","FALSE"
"Row4701","FALSE"
"Row4702","FALSE"
"Row4703","TRUE"
"Row4704","FALSE"
"Row4705","TRUE"
"Row4706","TRUE"
"Row4707","FALSE"
"Row4708","TRUE"
"Row4709","TRUE"
"Row4710","FALSE"
"Row4711","TRUE"
"Row4712","FALSE"
"Row4713","FALSE"
"Row4714","TRUE"
"Row4715","TRUE"
"Row4716","FALSE"
"Row4717","FALSE"
"Row4718","FALSE"
"Row4719","FALSE"
"Row4720","TRUE"
"Row4721","FALSE"
"Row4722","FALSE"
"Row4723","FALSE"
"Row4724","TRUE"
"Row4725","TRUE"
"Row4726","TRUE"
"Row4727","TRUE"
"Row4728","FALSE"
"Row4729","FALSE"
"Row4730","TRUE"
"Row4731","FALSE"
"Row4732","FALSE"
"Row4733","FALSE"
"Row4734","FALSE"
"Row4735","FALSE"
"Row4736","FALSE"
"Row4737","FALSE"
"Row4738","FALSE"
"Row4739","FALSE"
"Row4740","FALSE"
"Row4741","FALSE"
"Row4742","FALSE"
"Row4743","TRUE"
"Row4744","FALSE"
"Row4745","FALSE"
"Row4746","FALSE"
"Row4747","FALSE"
"Row4748","FALSE"
"Row4749","FALSE"
"Row4750","FALSE"
"Row4751","TRUE"
"Row4752","FALSE"
"Row4753","FALSE"
"Row4754","TRUE"
"Row4755","FALSE"
"Row4756","TRUE"
"Row4757","FALSE"
"Row4758","FALSE"
"Row4759","TRUE"
"Row4760","TRUE"
"Row4761","FALSE"
"Row4762","FALSE"
"Row4763","FALSE"
"Row4764","FALSE"
"Row4765","FALSE"
"Row4766","FALSE"
"Row4767","TRUE"
"Row4768","FALSE"
"Row4769","FALSE"
"Row4770","FALSE"
"Row4771","FALSE"
"Row4772","FALSE"
"Row4773","FALSE"
"Row4774","FALSE"
"Row4775","TRUE"
"Row4776","FALSE"
"Row4777","FALSE"
"Row4778","TRUE"
"Row4779","FALSE"
"Row4780","FALSE"
"Row4781","FALSE"
"Row4782","FALSE"
"Row4783","FALSE"
"Row4784","FALSE"
"Row4785","FALSE"
"Row4786","FALSE"
"Row4787","FALSE"
"Row4788","FALSE"
"Row4789","FALSE"
"Row4790","FALSE"
"Row4791","TRUE"
"Row4792","FALSE"
"Row4793","FALSE"
"Row4794","FALSE"
"Row4795","FALSE"
"Row4796","TRUE"
"Row4797","FALSE"
"Row4798","FALSE"
"Row4799","FALSE"
"Row4800","FALSE"
"Row4801","FALSE"
"Row4802","FALSE"
"Row4803","FALSE"
"Row4804","FALSE"
"Row4805","FALSE"
"Row4806","FALSE"
"Row4807","TRUE"
"Row4808","FALSE"
"Row4809","FALSE"
"Row4810","FALSE"
"Row4811","FALSE"
"Row4812","FALSE"
"Row4813","FALSE"
"Row4814","FALSE"
"Row4815","TRUE"
"Row4816","FALSE"
"Row4817","TRUE"
"Row4818","TRUE"
"Row4819","TRUE"
"Row4820","FALSE"
"Row4821","FALSE"
"Row4822","TRUE"
"Row4823","TRUE"
"Row4824","FALSE"
"Row4825","TRUE"
"Row4826","TRUE"
"Row4827","FALSE"
"Row4828","FALSE"
"Row4829","TRUE"
"Row4830","FALSE"
"Row4831","TRUE"
"Row4832","FALSE"
"Row4833","FALSE"
"Row4834","FALSE"
"Row4835","FALSE"
"Row4836","FALSE"
"Row4837","FALSE"
"Row4838","TRUE"
"Row4839","FALSE"
"Row4840","TRUE"
"Row4841","FALSE"
"Row4842","FALSE"
"Row4843","FALSE"
"Row4844","FALSE"
"Row4845","FALSE"
"Row4846","FALSE"
"Row4847","FALSE"
"Row4848","FALSE"
"Row4849","FALSE"
"Row4850","FALSE"
"Row4851","FALSE"
"Row4852","FALSE"
"Row4853","FALSE"
"Row4854","FALSE"
"Row4855","TRUE"
"Row4856","FALSE"
"Row4857","FALSE"
"Row4858","FALSE"
"Row4859","TRUE"
"Row4860","FALSE"
"Row4861","TRUE"
"Row4862","FALSE"
"Row4863","TRUE"
"Row4864","FALSE"
"Row4865","TRUE"
"Row4866","FALSE"
"Row4867","FALSE"
"Row4868","FALSE"
"Row4869","FALSE"
"Row4870","TRUE"
"Row4871","TRUE"
"Row4872","FALSE"
"Row4873","FALSE"
"Row4874","FALSE"
"Row4875","FALSE"
"Row4876","FALSE"
"Row4877","FALSE"
"Row4878","FALSE"
"Row4879","FALSE"
"Row4880","FALSE"
"Row4881","FALSE"
"Row4882","FALSE"
"Row4883","FALSE"
"Row4884","FALSE"
"Row4885","FALSE"
"Row4886","FALSE"
"Row4887","FALSE"
"Row4888","FALSE"
"Row4889","TRUE"
"Row4890","TRUE"
"Row4891","FALSE"
"Row4892","TRUE"
"Row4893","TRUE"
"Row4894","FALSE"
"Row4895","TRUE"
"Row4896","FALSE"
"Row4897","TRUE"
"Row4898","TRUE"
"Row4899","FALSE"
"Row4900","FALSE"
"Row4901","FALSE"
"Row4902","FALSE"
"Row4903","FALSE"
"Row4904","FALSE"
"Row4905","FALSE"
"Row4906","FALSE"
"Row4907","FALSE"
"Row4908","FALSE"
"Row4909","FALSE"
"Row4910","FALSE"
"Row4911","FALSE"
"Row4912","FALSE"
"Row4913","FALSE"
"Row4914","FALSE"
"Row4915","FALSE"
"Row4916","FALSE"
"Row4917","TRUE"
"Row4918","FALSE"
"Row4919","FALSE"
"Row4920","FALSE"
"Row4921","FALSE"
"Row4922","FALSE"
"Row4923","TRUE"
"Row4924","FALSE"
"Row4925","FALSE"
"Row4926","TRUE"
"Row4927","FALSE"
"Row4928","FALSE"
"Row4929","FALSE"
"Row4930","FALSE"
"Row4931","FALSE"
"Row4932","TRUE"
"Row4933","FALSE"
"Row4934","FALSE"
"Row4935","FALSE"
"Row4936","TRUE"
"Row4937","FALSE"
"Row4938","FALSE"
"Row4939","FALSE"
"Row4940","FALSE"
"Row4941","FALSE"
"Row4942","FALSE"
"Row4943","FALSE"
"Row4944","FALSE"
"Row4945","FALSE"
"Row4946","TRUE"
"Row4947","TRUE"
"Row4948","FALSE"
"Row4949","TRUE"
"Row4950","FALSE"
"Row4951","TRUE"
"Row4952","FALSE"
"Row4953","FALSE"
"Row4954","TRUE"
"Row4955","FALSE"
"Row4956","TRUE"
"Row4957","FALSE"
"Row4958","FALSE"
"Row4959","FALSE"
"Row4960","FALSE"
"Row4961","FALSE"
"Row4962","FALSE"
"Row4963","TRUE"
"Row4964","FALSE"
"Row4965","TRUE"
"Row4966","FALSE"
"Row4967","TRUE"
"Row4968","FALSE"
"Row4969","FALSE"
"Row4970","TRUE"
"Row4971","FALSE"
"Row4972","FALSE"
"Row4973","FALSE"
"Row4974","FALSE"
"Row4975","FALSE"
"Row4976","TRUE"
"Row4977","FALSE"
"Row4978","TRUE"
"Row4979","TRUE"
"Row4980","TRUE"
"Row4981","TRUE"
"Row4982","TRUE"
"Row4983","FALSE"
"Row4984","TRUE"
"Row4985","TRUE"
"Row4986","FALSE"
"Row4987","FALSE"
"Row4988","FALSE"
"Row4989","FALSE"
"Row4990","FALSE"
"Row4991","FALSE"
"Row4992","FALSE"
"Row4993","FALSE"
"Row4994","FALSE"
"Row4995","FALSE"
"Row4996","FALSE"
"Row4997","TRUE"
"Row4998","TRUE"
"Row4999","TRUE"
"Row5000","FALSE"
"Row5001","FALSE"
"Row5002","FALSE"
"Row5003","FALSE"
"Row5004","FALSE"
"Row5005","FALSE"
"Row5006","FALSE"
"Row5007","FALSE"
"Row5008","FALSE"
"Row5009","FALSE"
"Row5010","FALSE"
"Row5011","FALSE"
"Row5012","FALSE"
"Row5013","FALSE"
"Row5014","FALSE"
"Row5015","FALSE"
"Row5016","FALSE"
"Row5017","FALSE"
"Row5018","FALSE"
"Row5019","FALSE"
"Row5020","FALSE"
"Row5021","FALSE"
"Row5022","FALSE"
"Row5023","FALSE"
"Row5024","FALSE"
"Row5025","FALSE"
"Row5026","FALSE"
"Row5027","FALSE"
"Row5028","FALSE"
"Row5029","FALSE"
"Row5030","FALSE"
"Row5031","FALSE"
"Row5032","FALSE"
"Row5033","FALSE"
"Row5034","TRUE"
"Row5035","FALSE"
"Row5036","FALSE"
"Row5037","FALSE"
"Row5038","FALSE"
"Row5039","FALSE"
"Row5040","TRUE"
"Row5041","FALSE"
"Row5042","FALSE"
"Row5043","FALSE"
"Row5044","FALSE"
"Row5045","FALSE"
"Row5046","FALSE"
"Row5047","FALSE"
"Row5048","FALSE"
"Row5049","FALSE"
"Row5050","FALSE"
"Row5051","FALSE"
"Row5052","TRUE"
"Row5053","TRUE"
"Row5054","TRUE"
"Row5055","FALSE"
"Row5056","TRUE"
"Row5057","FALSE"
"Row5058","FALSE"
"Row5059","FALSE"
"Row5060","TRUE"
"Row5061","TRUE"
"Row5062","FALSE"
"Row5063","FALSE"
"Row5064","TRUE"
"Row5065","FALSE"
"Row5066","FALSE"
"Row5067","FALSE"
"Row5068","FALSE"
"Row5069","FALSE"
"Row5070","TRUE"
"Row5071","FALSE"
"Row5072","TRUE"
"Row5073","FALSE"
"Row5074","TRUE"
"Row5075","FALSE"
"Row5076","TRUE"
"Row5077","FALSE"
"Row5078","FALSE"
"Row5079","FALSE"
"Row5080","TRUE"
"Row5081","FALSE"
"Row5082","FALSE"
"Row5083","FALSE"
"Row5084","FALSE"
"Row5085","TRUE"
"Row5086","FALSE"
"Row5087","FALSE"
"Row5088","FALSE"
"Row5089","TRUE"
"Row5090","FALSE"
"Row5091","FALSE"
"Row5092","FALSE"
"Row5093","FALSE"
"Row5094","FALSE"
"Row5095","FALSE"
"Row5096","TRUE"
"Row5097","TRUE"
"Row5098","TRUE"
"Row5099","TRUE"
"Row5100","FALSE"
"Row5101","TRUE"
"Row5102","FALSE"
"Row5103","FALSE"
"Row5104","FALSE"
"Row5105","FALSE"
"Row5106","TRUE"
"Row5107","FALSE"
"Row5108","FALSE"
"Row5109","TRUE"
"Row5110","FALSE"
"Row5111","TRUE"
"Row5112","TRUE"
"Row5113","TRUE"
"Row5114","FALSE"
"Row5115","FALSE"
"Row5116","FALSE"
"Row5117","TRUE"
"Row5118","FALSE"
"Row5119","TRUE"
"Row5120","TRUE"
"Row5121","FALSE"
"Row5122","TRUE"
"Row5123","FALSE"
"Row5124","TRUE"
"Row5125","FALSE"
"Row5126","FALSE"
"Row5127","TRUE"
"Row5128","TRUE"
"Row5129","FALSE"
"Row5130","TRUE"
"Row5131","TRUE"
"Row5132","FALSE"
"Row5133","FALSE"
"Row5134","FALSE"
"Row5135","TRUE"
"Row5136","FALSE"
"Row5137","TRUE"
"Row5138","FALSE"
"Row5139","TRUE"
"Row5140","FALSE"
"Row5141","TRUE"
"Row5142","FALSE"
"Row5143","TRUE"
"Row5144","TRUE"
"Row5145","FALSE"
"Row5146","TRUE"
"Row5147","FALSE"
"Row5148","FALSE"
"Row5149","FALSE"
"Row5150","FALSE"
"Row5151","TRUE"
"Row5152","FALSE"
"Row5153","FALSE"
"Row5154","TRUE"
"Row5155","TRUE"
"Row5156","FALSE"
"Row5157","FALSE"
"Row5158","TRUE"
"Row5159","TRUE"
"Row5160","FALSE"
"Row5161","FALSE"
"Row5162","FALSE"
"Row5163","FALSE"
"Row5164","FALSE"
"Row5165","FALSE"
"Row5166","FALSE"
"Row5167","FALSE"
"Row5168","FALSE"
"Row5169","TRUE"
"Row5170","FALSE"
"Row5171","FALSE"
"Row5172","FALSE"
"Row5173","TRUE"
"Row5174","FALSE"
"Row5175","TRUE"
"Row5176","FALSE"
"Row5177","FALSE"
"Row5178","TRUE"
"Row5179","FALSE"
"Row5180","FALSE"
"Row5181","FALSE"
"Row5182","FALSE"
"Row5183","FALSE"
"Row5184","FALSE"
"Row5185","FALSE"
"Row5186","FALSE"
"Row5187","FALSE"
"Row5188","FALSE"
"Row5189","TRUE"
"Row5190","FALSE"
"Row5191","FALSE"
"Row5192","FALSE"
"Row5193","FALSE"
"Row5194","FALSE"
"Row5195","FALSE"
"Row5196","TRUE"
"Row5197","FALSE"
"Row5198","FALSE"
"Row5199","FALSE"
"Row5200","FALSE"
"Row5201","FALSE"
"Row5202","FALSE"
"Row5203","FALSE"
"Row5204","FALSE"
"Row5205","TRUE"
"Row5206","TRUE"
"Row5207","TRUE"
"Row5208","TRUE"
"Row5209","TRUE"
"Row5210","FALSE"
"Row5211","TRUE"
"Row5212","TRUE"
"Row5213","TRUE"
"Row5214","FALSE"
"Row5215","FALSE"
"Row5216","TRUE"
"Row5217","TRUE"
"Row5218","TRUE"
"Row5219","TRUE"
"Row5220","FALSE"
"Row5221","FALSE"
"Row5222","FALSE"
"Row5223","FALSE"
"Row5224","TRUE"
"Row5225","FALSE"
"Row5226","FALSE"
"Row5227","FALSE"
"Row5228","TRUE"
"Row5229","TRUE"
"Row5230","TRUE"
"Row5231","TRUE"
"Row5232","FALSE"
"Row5233","TRUE"
"Row5234","TRUE"
"Row5235","TRUE"
"Row5236","FALSE"
"Row5237","TRUE"
"Row5238","FALSE"
"Row5239","FALSE"
"Row5240","TRUE"
"Row5241","FALSE"
"Row5242","FALSE"
"Row5243","TRUE"
"Row5244","TRUE"
"Row5245","FALSE"
"Row5246","TRUE"
"Row5247","FALSE"
"Row5248","FALSE"
"Row5249","FALSE"
"Row5250","FALSE"
"Row5251","FALSE"
"Row5252","FALSE"
"Row5253","FALSE"
"Row5254","TRUE"
"Row5255","TRUE"
"Row5256","FALSE"
"Row5257","FALSE"
"Row5258","FALSE"
"Row5259","FALSE"
"Row5260","TRUE"
"Row5261","FALSE"
"Row5262","FALSE"
"Row5263","TRUE"
"Row5264","FALSE"
"Row5265","FALSE"
"Row5266","FALSE"
"Row5267","FALSE"
"Row5268","TRUE"
"Row5269","FALSE"
"Row5270","FALSE"
"Row5271","FALSE"
"Row5272","FALSE"
"Row5273","FALSE"
"Row5274","FALSE"
"Row5275","FALSE"
"Row5276","FALSE"
"Row5277","TRUE"
"Row5278","FALSE"
"Row5279","TRUE"
"Row5280","TRUE"
"Row5281","FALSE"
"Row5282","TRUE"
"Row5283","FALSE"
"Row5284","FALSE"
"Row5285","FALSE"
"Row5286","FALSE"
"Row5287","FALSE"
"Row5288","FALSE"
"Row5289","FALSE"
"Row5290","TRUE"
"Row5291","FALSE"
"Row5292","FALSE"
"Row5293","FALSE"
"Row5294","TRUE"
"Row5295","FALSE"
"Row5296","TRUE"
"Row5297","FALSE"
"Row5298","FALSE"
"Row5299","FALSE"
"Row5300","FALSE"
"Row5301","FALSE"
"Row5302","FALSE"
"Row5303","FALSE"
"Row5304","FALSE"
"Row5305","FALSE"
"Row5306","FALSE"
"Row5307","FALSE"
"Row5308","TRUE"
"Row5309","FALSE"
"Row5310","FALSE"
"Row5311","FALSE"
"Row5312","FALSE"
"Row5313","FALSE"
"Row5314","FALSE"
"Row5315","FALSE"
"Row5316","FALSE"
"Row5317","FALSE"
"Row5318","FALSE"
"Row5319","FALSE"
"Row5320","FALSE"
"Row5321","FALSE"
"Row5322","FALSE"
"Row5323","FALSE"
"Row5324","FALSE"
"Row5325","FALSE"
"Row5326","FALSE"
"Row5327","TRUE"
"Row5328","FALSE"
"Row5329","FALSE"
"Row5330","FALSE"
"Row5331","FALSE"
"Row5332","FALSE"
"Row5333","TRUE"
"Row5334","TRUE"
"Row5335","TRUE"
"Row5336","FALSE"
"Row5337","FALSE"
"Row5338","TRUE"
"Row5339","FALSE"
"Row5340","TRUE"
"Row5341","TRUE"
"Row5342","TRUE"
"Row5343","TRUE"
"Row5344","TRUE"
"Row5345","FALSE"
"Row5346","TRUE"
"Row5347","FALSE"
"Row5348","TRUE"
"Row5349","FALSE"
"Row5350","TRUE"
"Row5351","TRUE"
"Row5352","TRUE"
"Row5353","FALSE"
"Row5354","FALSE"
"Row5355","TRUE"
"Row5356","FALSE"
"Row5357","TRUE"
"Row5358","FALSE"
"Row5359","TRUE"
"Row5360","FALSE"
"Row5361","FALSE"
"Row5362","TRUE"
"Row5363","TRUE"
"Row5364","TRUE"
"Row5365","FALSE"
"Row5366","FALSE"
"Row5367","TRUE"
"Row5368","TRUE"
"Row5369","FALSE"
"Row5370","TRUE"
"Row5371","FALSE"
"Row5372","TRUE"
"Row5373","FALSE"
"Row5374","FALSE"
"Row5375","FALSE"
"Row5376","FALSE"
"Row5377","FALSE"
"Row5378","FALSE"
"Row5379","FALSE"
"Row5380","FALSE"
"Row5381","TRUE"
"Row5382","FALSE"
"Row5383","FALSE"
"Row5384","FALSE"
"Row5385","FALSE"
"Row5386","FALSE"
"Row5387","FALSE"
"Row5388","FALSE"
"Row5389","FALSE"
"Row5390","FALSE"
"Row5391","FALSE"
"Row5392","FALSE"
"Row5393","FALSE"
"Row5394","FALSE"
"Row5395","FALSE"
"Row5396","FALSE"
"Row5397","TRUE"
"Row5398","FALSE"
"Row5399","TRUE"
"Row5400","FALSE"
"Row5401","FALSE"
"Row5402","FALSE"
"Row5403","FALSE"
"Row5404","FALSE"
"Row5405","TRUE"
"Row5406","FALSE"
"Row5407","FALSE"
"Row5408","FALSE"
"Row5409","FALSE"
"Row5410","FALSE"
"Row5411","FALSE"
"Row5412","FALSE"
"Row5413","FALSE"
"Row5414","FALSE"
"Row5415","FALSE"
"Row5416","TRUE"
"Row5417","FALSE"
"Row5418","FALSE"
"Row5419","FALSE"
"Row5420","FALSE"
"Row5421","FALSE"
"Row5422","FALSE"
"Row5423","FALSE"
"Row5424","FALSE"
"Row5425","TRUE"
"Row5426","TRUE"
"Row5427","FALSE"
"Row5428","FALSE"
"Row5429","TRUE"
"Row5430","FALSE"
"Row5431","FALSE"
"Row5432","FALSE"
"Row5433","FALSE"
"Row5434","FALSE"
"Row5435","FALSE"
"Row5436","FALSE"
"Row5437","FALSE"
"Row5438","FALSE"
"Row5439","FALSE"
"Row5440","FALSE"
"Row5441","FALSE"
"Row5442","FALSE"
"Row5443","FALSE"
"Row5444","FALSE"
"Row5445","FALSE"
"Row5446","FALSE"
"Row5447","TRUE"
"Row5448","FALSE"
"Row5449","FALSE"
"Row5450","FALSE"
"Row5451","FALSE"
"Row5452","FALSE"
"Row5453","FALSE"
"Row5454","TRUE"
"Row5455","FALSE"
"Row5456","FALSE"
"Row5457","FALSE"
"Row5458","FALSE"
"Row5459","FALSE"
"Row5460","FALSE"
"Row5461","FALSE"
"Row5462","FALSE"
"Row5463","FALSE"
"Row5464","FALSE"
"Row5465","FALSE"
"Row5466","FALSE"
"Row5467","FALSE"
"Row5468","FALSE"
"Row5469","FALSE"
"Row5470","FALSE"
"Row5471","FALSE"
"Row5472","FALSE"
"Row5473","FALSE"
"Row5474","FALSE"
"Row5475","FALSE"
"Row5476","TRUE"
"Row5477","FALSE"
"Row5478","TRUE"
"Row5479","FALSE"
"Row5480","TRUE"
"Row5481","TRUE"
"Row5482","FALSE"
"Row5483","FALSE"
"Row5484","FALSE"
"Row5485","TRUE"
"Row5486","FALSE"
"Row5487","FALSE"
"Row5488","FALSE"
"Row5489","FALSE"
"Row5490","FALSE"
"Row5491","FALSE"
"Row5492","FALSE"
"Row5493","FALSE"
"Row5494","FALSE"
"Row5495","FALSE"
"Row5496","TRUE"
"Row5497","TRUE"
"Row5498","FALSE"
"Row5499","TRUE"
"Row5500","FALSE"
"Row5501","FALSE"
"Row5502","FALSE"
"Row5503","TRUE"
"Row5504","FALSE"
"Row5505","TRUE"
"Row5506","FALSE"
"Row5507","TRUE"
"Row5508","TRUE"
"Row5509","TRUE"
"Row5510","FALSE"
"Row5511","TRUE"
"Row5512","FALSE"
"Row5513","FALSE"
"Row5514","TRUE"
"Row5515","TRUE"
"Row5516","TRUE"
"Row5517","TRUE"
"Row5518","FALSE"
"Row5519","FALSE"
"Row5520","TRUE"
"Row5521","TRUE"
"Row5522","TRUE"
"Row5523","FALSE"
"Row5524","TRUE"
"Row5525","FALSE"
"Row5526","TRUE"
"Row5527","TRUE"
"Row5528","TRUE"
"Row5529","TRUE"
"Row5530","TRUE"
"Row5531","TRUE"
"Row5532","TRUE"
"Row5533","FALSE"
"Row5534","TRUE"
"Row5535","FALSE"
"Row5536","TRUE"
"Row5537","FALSE"
"Row5538","FALSE"
"Row5539","TRUE"
"Row5540","TRUE"
"Row5541","TRUE"
"Row5542","TRUE"
"Row5543","FALSE"
"Row5544","TRUE"
"Row5545","TRUE"
"Row5546","TRUE"
"Row5547","FALSE"
"Row5548","FALSE"
"Row5549","FALSE"
"Row5550","FALSE"
"Row5551","FALSE"
"Row5552","TRUE"
"Row5553","TRUE"
"Row5554","TRUE"
"Row5555","TRUE"
"Row5556","FALSE"
"Row5557","FALSE"
"Row5558","FALSE"
"Row5559","FALSE"
"Row5560","FALSE"
"Row5561","TRUE"
"Row5562","FALSE"
"Row5563","FALSE"
"Row5564","FALSE"
"Row5565","FALSE"
"Row5566","FALSE"
"Row5567","FALSE"
"Row5568","TRUE"
"Row5569","FALSE"
"Row5570","FALSE"
"Row5571","FALSE"
"Row5572","FALSE"
"Row5573","FALSE"
"Row5574","FALSE"
"Row5575","FALSE"
"Row5576","FALSE"
"Row5577","FALSE"
"Row5578","FALSE"
"Row5579","FALSE"
"Row5580","FALSE"
"Row5581","TRUE"
"Row5582","FALSE"
"Row5583","FALSE"
"Row5584","FALSE"
"Row5585","FALSE"
"Row5586","TRUE"
"Row5587","FALSE"
"Row5588","FALSE"
"Row5589","FALSE"
"Row5590","FALSE"
"Row5591","FALSE"
"Row5592","FALSE"
"Row5593","FALSE"
"Row5594","FALSE"
"Row5595","FALSE"
"Row5596","FALSE"
"Row5597","TRUE"
"Row5598","FALSE"
"Row5599","FALSE"
"Row5600","FALSE"
"Row5601","FALSE"
"Row5602","FALSE"
"Row5603","FALSE"
"Row5604","FALSE"
"Row5605","FALSE"
"Row5606","FALSE"
"Row5607","TRUE"
"Row5608","FALSE"
"Row5609","TRUE"
"Row5610","TRUE"
"Row5611","TRUE"
"Row5612","TRUE"
"Row5613","FALSE"
"Row5614","FALSE"
"Row5615","FALSE"
"Row5616","FALSE"
"Row5617","FALSE"
"Row5618","FALSE"
"Row5619","TRUE"
"Row5620","TRUE"
"Row5621","TRUE"
"Row5622","FALSE"
"Row5623","TRUE"
"Row5624","FALSE"
"Row5625","FALSE"
"Row5626","FALSE"
"Row5627","FALSE"
"Row5628","TRUE"
"Row5629","FALSE"
"Row5630","FALSE"
"Row5631","FALSE"
"Row5632","FALSE"
"Row5633","FALSE"
"Row5634","FALSE"
"Row5635","FALSE"
"Row5636","FALSE"
"Row5637","FALSE"
"Row5638","FALSE"
"Row5639","FALSE"
"Row5640","TRUE"
"Row5641","FALSE"
"Row5642","TRUE"
"Row5643","FALSE"
"Row5644","TRUE"
"Row5645","TRUE"
"Row5646","TRUE"
"Row5647","TRUE"
"Row5648","TRUE"
"Row5649","FALSE"
"Row5650","FALSE"
"Row5651","FALSE"
"Row5652","TRUE"
"Row5653","TRUE"
"Row5654","FALSE"
"Row5655","FALSE"
"Row5656","FALSE"
"Row5657","TRUE"
"Row5658","TRUE"
"Row5659","TRUE"
"Row5660","FALSE"
"Row5661","FALSE"
"Row5662","FALSE"
"Row5663","TRUE"
"Row5664","FALSE"
"Row5665","TRUE"
"Row5666","FALSE"
"Row5667","TRUE"
"Row5668","FALSE"
"Row5669","FALSE"
"Row5670","FALSE"
"Row5671","FALSE"
"Row5672","FALSE"
"Row5673","FALSE"
"Row5674","TRUE"
"Row5675","FALSE"
"Row5676","FALSE"
"Row5677","FALSE"
"Row5678","FALSE"
"Row5679","TRUE"
"Row5680","TRUE"
"Row5681","FALSE"
"Row5682","TRUE"
"Row5683","FALSE"
"Row5684","FALSE"
"Row5685","TRUE"
"Row5686","FALSE"
"Row5687","FALSE"
"Row5688","FALSE"
"Row5689","FALSE"
"Row5690","FALSE"
"Row5691","TRUE"
"Row5692","FALSE"
"Row5693","FALSE"
"Row5694","TRUE"
"Row5695","FALSE"
"Row5696","FALSE"
"Row5697","FALSE"
"Row5698","TRUE"
"Row5699","FALSE"
"Row5700","FALSE"
"Row5701","FALSE"
"Row5702","TRUE"
"Row5703","FALSE"
"Row5704","FALSE"
"Row5705","FALSE"
"Row5706","FALSE"
"Row5707","FALSE"
"Row5708","FALSE"
"Row5709","FALSE"
"Row5710","FALSE"
"Row5711","FALSE"
"Row5712","FALSE"
"Row5713","FALSE"
"Row5714","TRUE"
"Row5715","FALSE"
"Row5716","FALSE"
"Row5717","FALSE"
"Row5718","TRUE"
"Row5719","FALSE"
"Row5720","FALSE"
"Row5721","FALSE"
"Row5722","FALSE"
"Row5723","FALSE"
"Row5724","FALSE"
"Row5725","FALSE"
"Row5726","FALSE"
"Row5727","FALSE"
"Row5728","FALSE"
"Row5729","FALSE"
"Row5730","TRUE"
"Row5731","FALSE"
"Row5732","FALSE"
"Row5733","FALSE"
"Row5734","FALSE"
"Row5735","TRUE"
"Row5736","FALSE"
"Row5737","FALSE"
"Row5738","FALSE"
"Row5739","FALSE"
"Row5740","FALSE"
"Row5741","FALSE"
"Row5742","FALSE"
"Row5743","FALSE"
"Row5744","FALSE"
"Row5745","TRUE"
"Row5746","TRUE"
"Row5747","FALSE"
"Row5748","FALSE"
"Row5749","FALSE"
"Row5750","TRUE"
"Row5751","FALSE"
"Row5752","FALSE"
"Row5753","FALSE"
"Row5754","TRUE"
"Row5755","FALSE"
"Row5756","FALSE"
"Row5757","FALSE"
"Row5758","FALSE"
"Row5759","TRUE"
"Row5760","FALSE"
"Row5761","TRUE"
"Row5762","FALSE"
"Row5763","FALSE"
"Row5764","FALSE"
"Row5765","FALSE"
"Row5766","FALSE"
"Row5767","FALSE"
"Row5768","FALSE"
"Row5769","FALSE"
"Row5770","FALSE"
"Row5771","FALSE"
"Row5772","FALSE"
"Row5773","TRUE"
"Row5774","FALSE"
"Row5775","TRUE"
"Row5776","FALSE"
"Row5777","FALSE"
"Row5778","FALSE"
"Row5779","FALSE"
"Row5780","FALSE"
"Row5781","FALSE"
"Row5782","FALSE"
"Row5783","TRUE"
"Row5784","FALSE"
"Row5785","FALSE"
"Row5786","TRUE"
"Row5787","FALSE"
"Row5788","FALSE"
"Row5789","TRUE"
"Row5790","FALSE"
"Row5791","FALSE"
"Row5792","FALSE"
"Row5793","FALSE"
"Row5794","FALSE"
"Row5795","FALSE"
"Row5796","FALSE"
"Row5797","TRUE"
"Row5798","TRUE"
"Row5799","FALSE"
"Row5800","TRUE"
"Row5801","FALSE"
"Row5802","FALSE"
"Row5803","FALSE"
"Row5804","TRUE"
"Row5805","FALSE"
"Row5806","FALSE"
"Row5807","FALSE"
"Row5808","FALSE"
"Row5809","TRUE"
"Row5810","FALSE"
"Row5811","FALSE"
"Row5812","FALSE"
"Row5813","TRUE"
"Row5814","FALSE"
"Row5815","FALSE"
"Row5816","TRUE"
"Row5817","TRUE"
"Row5818","FALSE"
"Row5819","FALSE"
"Row5820","FALSE"
"Row5821","FALSE"
"Row5822","FALSE"
"Row5823","FALSE"
"Row5824","TRUE"
"Row5825","FALSE"
"Row5826","FALSE"
"Row5827","FALSE"
"Row5828","FALSE"
"Row5829","FALSE"
"Row5830","FALSE"
"Row5831","FALSE"
"Row5832","FALSE"
"Row5833","FALSE"
"Row5834","FALSE"
"Row5835","FALSE"
"Row5836","FALSE"
"Row5837","TRUE"
"Row5838","FALSE"
"Row5839","FALSE"
"Row5840","FALSE"
"Row5841","TRUE"
"Row5842","TRUE"
"Row5843","FALSE"
"Row5844","TRUE"
"Row5845","FALSE"
"Row5846","TRUE"
"Row5847","FALSE"
"Row5848","FALSE"
"Row5849","FALSE"
"Row5850","FALSE"
"Row5851","FALSE"
"Row5852","FALSE"
"Row5853","FALSE"
"Row5854","FALSE"
"Row5855","FALSE"
"Row5856","FALSE"
"Row5857","FALSE"
"Row5858","FALSE"
"Row5859","FALSE"
"Row5860","FALSE"
"Row5861","FALSE"
"Row5862","FALSE"
"Row5863","FALSE"
"Row5864","FALSE"
"Row5865","FALSE"
"Row5866","FALSE"
"Row5867","FALSE"
"Row5868","FALSE"
"Row5869","FALSE"
"Row5870","FALSE"
"Row5871","FALSE"
"Row5872","FALSE"
"Row5873","TRUE"
"Row5874","FALSE"
"Row5875","FALSE"
"Row5876","TRUE"
"Row5877","FALSE"
"Row5878","FALSE"
"Row5879","FALSE"
"Row5880","TRUE"
"Row5881","TRUE"
"Row5882","FALSE"
"Row5883","FALSE"
"Row5884","FALSE"
"Row5885","FALSE"
"Row5886","FALSE"
"Row5887","FALSE"
"Row5888","FALSE"
"Row5889","FALSE"
"Row5890","FALSE"
"Row5891","FALSE"
"Row5892","FALSE"
"Row5893","FALSE"
"Row5894","FALSE"
"Row5895","FALSE"
"Row5896","FALSE"
"Row5897","FALSE"
"Row5898","FALSE"
"Row5899","FALSE"
"Row5900","FALSE"
"Row5901","FALSE"
"Row5902","TRUE"
"Row5903","FALSE"
"Row5904","FALSE"
"Row5905","FALSE"
"Row5906","TRUE"
"Row5907","TRUE"
"Row5908","FALSE"
"Row5909","TRUE"
"Row5910","FALSE"
"Row5911","TRUE"
"Row5912","TRUE"
"Row5913","TRUE"
"Row5914","TRUE"
"Row5915","TRUE"
"Row5916","FALSE"
"Row5917","FALSE"
"Row5918","TRUE"
"Row5919","FALSE"
"Row5920","FALSE"
"Row5921","FALSE"
"Row5922","FALSE"
"Row5923","FALSE"
"Row5924","FALSE"
"Row5925","FALSE"
"Row5926","FALSE"
"Row5927","FALSE"
"Row5928","FALSE"
"Row5929","FALSE"
"Row5930","FALSE"
"Row5931","FALSE"
"Row5932","FALSE"
"Row5933","FALSE"
"Row5934","FALSE"
"Row5935","FALSE"
"Row5936","FALSE"
"Row5937","FALSE"
"Row5938","FALSE"
"Row5939","FALSE"
"Row5940","FALSE"
"Row5941","FALSE"
"Row5942","FALSE"
"Row5943","FALSE"
"Row5944","FALSE"
"Row5945","FALSE"
"Row5946","FALSE"
"Row5947","FALSE"
"Row5948","TRUE"
"Row5949","FALSE"
"Row5950","FALSE"
"Row5951","FALSE"
"Row5952","TRUE"
"Row5953","TRUE"
"Row5954","FALSE"
"Row5955","FALSE"
"Row5956","TRUE"
"Row5957","FALSE"
"Row5958","TRUE"
"Row5959","TRUE"
"Row5960","FALSE"
"Row5961","FALSE"
"Row5962","FALSE"
"Row5963","TRUE"
"Row5964","FALSE"
"Row5965","FALSE"
"Row5966","FALSE"
"Row5967","FALSE"
"Row5968","TRUE"
"Row5969","FALSE"
"Row5970","FALSE"
"Row5971","FALSE"
"Row5972","TRUE"
"Row5973","FALSE"
"Row5974","FALSE"
"Row5975","TRUE"
"Row5976","FALSE"
"Row5977","FALSE"
"Row5978","FALSE"
"Row5979","TRUE"
"Row5980","TRUE"
"Row5981","FALSE"
"Row5982","FALSE"
"Row5983","FALSE"
"Row5984","TRUE"
"Row5985","FALSE"
"Row5986","TRUE"
"Row5987","FALSE"
"Row5988","TRUE"
"Row5989","FALSE"
"Row5990","FALSE"
"Row5991","FALSE"
"Row5992","FALSE"
"Row5993","FALSE"
"Row5994","FALSE"
"Row5995","FALSE"
"Row5996","FALSE"
"Row5997","FALSE"
"Row5998","FALSE"
"Row5999","FALSE"
"Row6000","FALSE"
"Row6001","FALSE"
"Row6002","FALSE"
"Row6003","FALSE"
"Row6004","FALSE"
"Row6005","FALSE"
"Row6006","FALSE"
"Row6007","FALSE"
"Row6008","FALSE"
"Row6009","FALSE"
"Row6010","FALSE"
"Row6011","TRUE"
"Row6012","FALSE"
"Row6013","FALSE"
"Row6014","FALSE"
"Row6015","FALSE"
"Row6016","FALSE"
"Row6017","FALSE"
"Row6018","FALSE"
"Row6019","FALSE"
"Row6020","FALSE"
"Row6021","FALSE"
"Row6022","FALSE"
"Row6023","FALSE"
"Row6024","FALSE"
"Row6025","FALSE"
"Row6026","FALSE"
"Row6027","FALSE"
"Row6028","FALSE"
"Row6029","FALSE"
"Row6030","FALSE"
"Row6031","FALSE"
"Row6032","FALSE"
"Row6033","FALSE"
"Row6034","FALSE"
"Row6035","FALSE"
"Row6036","FALSE"
"Row6037","FALSE"
"Row6038","TRUE"
"Row6039","FALSE"
"Row6040","FALSE"
"Row6041","FALSE"
"Row6042","FALSE"
"Row6043","FALSE"
"Row6044","FALSE"
"Row6045","FALSE"
"Row6046","FALSE"
"Row6047","FALSE"
"Row6048","FALSE"
"Row6049","FALSE"
"Row6050","FALSE"
"Row6051","FALSE"
"Row6052","FALSE"
"Row6053","FALSE"
"Row6054","FALSE"
"Row6055","FALSE"
"Row6056","FALSE"
"Row6057","FALSE"
"Row6058","TRUE"
"Row6059","FALSE"
"Row6060","TRUE"
"Row6061","TRUE"
"Row6062","FALSE"
"Row6063","TRUE"
"Row6064","FALSE"
"Row6065","FALSE"
"Row6066","FALSE"
"Row6067","FALSE"
"Row6068","TRUE"
"Row6069","FALSE"
"Row6070","FALSE"
"Row6071","TRUE"
"Row6072","FALSE"
"Row6073","FALSE"
"Row6074","TRUE"
"Row6075","TRUE"
"Row6076","FALSE"
"Row6077","FALSE"
"Row6078","TRUE"
"Row6079","FALSE"
"Row6080","FALSE"
"Row6081","TRUE"
"Row6082","FALSE"
"Row6083","TRUE"
"Row6084","TRUE"
"Row6085","TRUE"
"Row6086","TRUE"
"Row6087","TRUE"
"Row6088","TRUE"
"Row6089","FALSE"
"Row6090","FALSE"
"Row6091","TRUE"
"Row6092","TRUE"
"Row6093","TRUE"
"Row6094","FALSE"
"Row6095","TRUE"
"Row6096","FALSE"
"Row6097","TRUE"
"Row6098","TRUE"
"Row6099","TRUE"
"Row6100","TRUE"
"Row6101","FALSE"
"Row6102","TRUE"
"Row6103","TRUE"
"Row6104","TRUE"
"Row6105","FALSE"
"Row6106","FALSE"
"Row6107","FALSE"
"Row6108","FALSE"
"Row6109","FALSE"
"Row6110","FALSE"
"Row6111","TRUE"
"Row6112","FALSE"
"Row6113","FALSE"
"Row6114","FALSE"
"Row6115","FALSE"
"Row6116","FALSE"
"Row6117","FALSE"
"Row6118","FALSE"
"Row6119","FALSE"
"Row6120","TRUE"
"Row6121","FALSE"
"Row6122","FALSE"
"Row6123","FALSE"
"Row6124","FALSE"
"Row6125","FALSE"
"Row6126","TRUE"
"Row6127","TRUE"
"Row6128","TRUE"
"Row6129","FALSE"
"Row6130","FALSE"
"Row6131","TRUE"
"Row6132","TRUE"
"Row6133","TRUE"
"Row6134","FALSE"
"Row6135","TRUE"
"Row6136","FALSE"
"Row6137","FALSE"
"Row6138","FALSE"
"Row6139","TRUE"
"Row6140","TRUE"
"Row6141","FALSE"
"Row6142","FALSE"
"Row6143","TRUE"
"Row6144","FALSE"
"Row6145","FALSE"
"Row6146","FALSE"
"Row6147","FALSE"
"Row6148","TRUE"
"Row6149","FALSE"
"Row6150","TRUE"
"Row6151","FALSE"
"Row6152","TRUE"
"Row6153","FALSE"
"Row6154","FALSE"
"Row6155","FALSE"
"Row6156","TRUE"
"Row6157","FALSE"
"Row6158","FALSE"
"Row6159","FALSE"
"Row6160","FALSE"
"Row6161","FALSE"
"Row6162","FALSE"
"Row6163","FALSE"
"Row6164","TRUE"
"Row6165","FALSE"
"Row6166","FALSE"
"Row6167","TRUE"
"Row6168","TRUE"
"Row6169","FALSE"
"Row6170","FALSE"
"Row6171","FALSE"
"Row6172","FALSE"
"Row6173","FALSE"
"Row6174","FALSE"
"Row6175","FALSE"
"Row6176","TRUE"
"Row6177","FALSE"
"Row6178","FALSE"
"Row6179","FALSE"
"Row6180","FALSE"
"Row6181","FALSE"
"Row6182","FALSE"
"Row6183","TRUE"
"Row6184","TRUE"
"Row6185","TRUE"
"Row6186","FALSE"
"Row6187","FALSE"
"Row6188","TRUE"
"Row6189","FALSE"
"Row6190","FALSE"
"Row6191","FALSE"
"Row6192","FALSE"
"Row6193","FALSE"
"Row6194","FALSE"
"Row6195","FALSE"
"Row6196","FALSE"
"Row6197","FALSE"
"Row6198","FALSE"
"Row6199","FALSE"
"Row6200","FALSE"
"Row6201","FALSE"
"Row6202","FALSE"
"Row6203","FALSE"
"Row6204","FALSE"
"Row6205","FALSE"
"Row6206","TRUE"
"Row6207","FALSE"
"Row6208","FALSE"
"Row6209","TRUE"
"Row6210","FALSE"
"Row6211","TRUE"
"Row6212","TRUE"
"Row6213","TRUE"
"Row6214","FALSE"
"Row6215","FALSE"
"Row6216","FALSE"
"Row6217","TRUE"
"Row6218","FALSE"
"Row6219","FALSE"
"Row6220","FALSE"
"Row6221","FALSE"
"Row6222","FALSE"
"Row6223","TRUE"
"Row6224","FALSE"
"Row6225","TRUE"
"Row6226","FALSE"
"Row6227","FALSE"
"Row6228","FALSE"
"Row6229","FALSE"
"Row6230","FALSE"
"Row6231","FALSE"
"Row6232","FALSE"
"Row6233","FALSE"
"Row6234","FALSE"
"Row6235","TRUE"
"Row6236","FALSE"
"Row6237","FALSE"
"Row6238","FALSE"
"Row6239","FALSE"
"Row6240","FALSE"
"Row6241","FALSE"
"Row6242","FALSE"
"Row6243","TRUE"
"Row6244","FALSE"
"Row6245","FALSE"
"Row6246","FALSE"
"Row6247","FALSE"
"Row6248","FALSE"
"Row6249","FALSE"
"Row6250","FALSE"
"Row6251","FALSE"
"Row6252","FALSE"
"Row6253","FALSE"
"Row6254","FALSE"
"Row6255","FALSE"
"Row6256","FALSE"
"Row6257","FALSE"
"Row6258","TRUE"
"Row6259","FALSE"
"Row6260","FALSE"
"Row6261","FALSE"
"Row6262","TRUE"
"Row6263","FALSE"
"Row6264","FALSE"
"Row6265","FALSE"
"Row6266","FALSE"
"Row6267","FALSE"
"Row6268","FALSE"
"Row6269","FALSE"
"Row6270","FALSE"
"Row6271","TRUE"
"Row6272","TRUE"
"Row6273","TRUE"
"Row6274","FALSE"
"Row6275","FALSE"
"Row6276","TRUE"
"Row6277","FALSE"
"Row6278","FALSE"
"Row6279","FALSE"
"Row6280","FALSE"
"Row6281","TRUE"
"Row6282","FALSE"
"Row6283","TRUE"
"Row6284","FALSE"
"Row6285","FALSE"
"Row6286","FALSE"
"Row6287","FALSE"
"Row6288","FALSE"
"Row6289","TRUE"
"Row6290","FALSE"
"Row6291","FALSE"
"Row6292","TRUE"
"Row6293","FALSE"
"Row6294","TRUE"
"Row6295","TRUE"
"Row6296","FALSE"
"Row6297","FALSE"
"Row6298","TRUE"
"Row6299","FALSE"
"Row6300","FALSE"
"Row6301","TRUE"
"Row6302","FALSE"
"Row6303","TRUE"
"Row6304","TRUE"
"Row6305","FALSE"
"Row6306","FALSE"
"Row6307","FALSE"
"Row6308","FALSE"
"Row6309","FALSE"
"Row6310","FALSE"
"Row6311","FALSE"
"Row6312","FALSE"
"Row6313","FALSE"
"Row6314","TRUE"
"Row6315","FALSE"
"Row6316","TRUE"
"Row6317","FALSE"
"Row6318","FALSE"
"Row6319","FALSE"
"Row6320","FALSE"
"Row6321","FALSE"
"Row6322","FALSE"
"Row6323","FALSE"
"Row6324","FALSE"
"Row6325","TRUE"
"Row6326","FALSE"
"Row6327","FALSE"
"Row6328","FALSE"
"Row6329","FALSE"
"Row6330","FALSE"
"Row6331","FALSE"
"Row6332","TRUE"
"Row6333","FALSE"
"Row6334","FALSE"
"Row6335","FALSE"
"Row6336","FALSE"
"Row6337","FALSE"
"Row6338","FALSE"
"Row6339","FALSE"
"Row6340","FALSE"
"Row6341","FALSE"
"Row6342","FALSE"
"Row6343","FALSE"
"Row6344","FALSE"
"Row6345","FALSE"
"Row6346","FALSE"
"Row6347","FALSE"
"Row6348","FALSE"
"Row6349","FALSE"
"Row6350","FALSE"
"Row6351","FALSE"
"Row6352","FALSE"
"Row6353","FALSE"
"Row6354","FALSE"
"Row6355","FALSE"
"Row6356","TRUE"
"Row6357","FALSE"
"Row6358","TRUE"
"Row6359","TRUE"
"Row6360","FALSE"
"Row6361","TRUE"
"Row6362","FALSE"
"Row6363","TRUE"
"Row6364","FALSE"
"Row6365","FALSE"
"Row6366","FALSE"
"Row6367","FALSE"
"Row6368","FALSE"
"Row6369","FALSE"
"Row6370","FALSE"
"Row6371","FALSE"
"Row6372","TRUE"
"Row6373","FALSE"
"Row6374","FALSE"
"Row6375","FALSE"
"Row6376","FALSE"
"Row6377","FALSE"
"Row6378","FALSE"
"Row6379","FALSE"
"Row6380","FALSE"
"Row6381","FALSE"
"Row6382","FALSE"
"Row6383","FALSE"
"Row6384","FALSE"
"Row6385","FALSE"
"Row6386","FALSE"
"Row6387","FALSE"
"Row6388","FALSE"
"Row6389","FALSE"
"Row6390","FALSE"
"Row6391","FALSE"
"Row6392","FALSE"
"Row6393","FALSE"
"Row6394","FALSE"
"Row6395","FALSE"
"Row6396","FALSE"
"Row6397","FALSE"
"Row6398","FALSE"
"Row6399","FALSE"
"Row6400","FALSE"
"Row6401","FALSE"
"Row6402","FALSE"
"Row6403","TRUE"
"Row6404","TRUE"
"Row6405","FALSE"
"Row6406","TRUE"
"Row6407","FALSE"
"Row6408","FALSE"
"Row6409","FALSE"
"Row6410","TRUE"
"Row6411","FALSE"
"Row6412","FALSE"
"Row6413","FALSE"
"Row6414","TRUE"
"Row6415","FALSE"
"Row6416","FALSE"
"Row6417","TRUE"
"Row6418","FALSE"
"Row6419","FALSE"
"Row6420","FALSE"
"Row6421","FALSE"
"Row6422","FALSE"
"Row6423","FALSE"
"Row6424","FALSE"
"Row6425","FALSE"
"Row6426","TRUE"
"Row6427","FALSE"
"Row6428","FALSE"
"Row6429","FALSE"
"Row6430","FALSE"
"Row6431","FALSE"
"Row6432","TRUE"
"Row6433","FALSE"
"Row6434","FALSE"
"Row6435","FALSE"
"Row6436","FALSE"
"Row6437","FALSE"
"Row6438","TRUE"
"Row6439","FALSE"
"Row6440","TRUE"
"Row6441","FALSE"
"Row6442","TRUE"
"Row6443","TRUE"
"Row6444","FALSE"
"Row6445","FALSE"
"Row6446","FALSE"
"Row6447","FALSE"
"Row6448","FALSE"
"Row6449","FALSE"
"Row6450","FALSE"
"Row6451","FALSE"
"Row6452","FALSE"
"Row6453","FALSE"
"Row6454","FALSE"
"Row6455","FALSE"
"Row6456","TRUE"
"Row6457","FALSE"
"Row6458","FALSE"
"Row6459","TRUE"
"Row6460","FALSE"
"Row6461","FALSE"
"Row6462","FALSE"
"Row6463","FALSE"
"Row6464","FALSE"
"Row6465","FALSE"
"Row6466","FALSE"
"Row6467","FALSE"
"Row6468","FALSE"
"Row6469","FALSE"
"Row6470","FALSE"
"Row6471","FALSE"
"Row6472","FALSE"
"Row6473","FALSE"
"Row6474","FALSE"
"Row6475","FALSE"
"Row6476","FALSE"
"Row6477","FALSE"
"Row6478","FALSE"
"Row6479","FALSE"
"Row6480","TRUE"
"Row6481","TRUE"
"Row6482","FALSE"
"Row6483","FALSE"
"Row6484","FALSE"
"Row6485","FALSE"
"Row6486","FALSE"
"Row6487","FALSE"
"Row6488","TRUE"
"Row6489","TRUE"
"Row6490","TRUE"
"Row6491","TRUE"
"Row6492","FALSE"
"Row6493","FALSE"
"Row6494","FALSE"
"Row6495","FALSE"
"Row6496","FALSE"
"Row6497","FALSE"
"Row6498","TRUE"
"Row6499","FALSE"
"Row6500","FALSE"
"Row6501","FALSE"
"Row6502","FALSE"
"Row6503","TRUE"
"Row6504","FALSE"
"Row6505","FALSE"
"Row6506","FALSE"
"Row6507","FALSE"
"Row6508","FALSE"
"Row6509","FALSE"
"Row6510","FALSE"
"Row6511","TRUE"
"Row6512","FALSE"
"Row6513","FALSE"
"Row6514","FALSE"
"Row6515","FALSE"
"Row6516","FALSE"
"Row6517","TRUE"
"Row6518","FALSE"
"Row6519","TRUE"
"Row6520","FALSE"
"Row6521","TRUE"
"Row6522","TRUE"
"Row6523","FALSE"
"Row6524","TRUE"
"Row6525","FALSE"
"Row6526","FALSE"
"Row6527","FALSE"
"Row6528","TRUE"
"Row6529","FALSE"
"Row6530","FALSE"
"Row6531","TRUE"
"Row6532","TRUE"
"Row6533","TRUE"
"Row6534","FALSE"
"Row6535","TRUE"
"Row6536","TRUE"
"Row6537","TRUE"
"Row6538","TRUE"
"Row6539","FALSE"
"Row6540","FALSE"
"Row6541","FALSE"
"Row6542","FALSE"
"Row6543","FALSE"
"Row6544","TRUE"
"Row6545","TRUE"
"Row6546","FALSE"
"Row6547","FALSE"
"Row6548","FALSE"
"Row6549","FALSE"
"Row6550","FALSE"
"Row6551","TRUE"
"Row6552","FALSE"
"Row6553","FALSE"
"Row6554","TRUE"
"Row6555","FALSE"
"Row6556","FALSE"
"Row6557","FALSE"
"Row6558","FALSE"
"Row6559","FALSE"
"Row6560","FALSE"
"Row6561","FALSE"
"Row6562","FALSE"
"Row6563","FALSE"
"Row6564","FALSE"
"Row6565","FALSE"
"Row6566","FALSE"
"Row6567","FALSE"
"Row6568","FALSE"
"Row6569","FALSE"
"Row6570","FALSE"
"Row6571","FALSE"
"Row6572","FALSE"
"Row6573","FALSE"
"Row6574","FALSE"
"Row6575","FALSE"
"Row6576","FALSE"
"Row6577","FALSE"
"Row6578","TRUE"
"Row6579","FALSE"
"Row6580","FALSE"
"Row6581","FALSE"
"Row6582","FALSE"
"Row6583","TRUE"
"Row6584","FALSE"
"Row6585","TRUE"
"Row6586","TRUE"
"Row6587","TRUE"
"Row6588","TRUE"
"Row6589","TRUE"
"Row6590","FALSE"
"Row6591","FALSE"
"Row6592","FALSE"
"Row6593","FALSE"
"Row6594","FALSE"
"Row6595","FALSE"
"Row6596","TRUE"
"Row6597","TRUE"
"Row6598","FALSE"
"Row6599","FALSE"
"Row6600","FALSE"
"Row6601","FALSE"
"Row6602","FALSE"
"Row6603","TRUE"
"Row6604","FALSE"
"Row6605","FALSE"
"Row6606","FALSE"
"Row6607","FALSE"
"Row6608","FALSE"
"Row6609","FALSE"
"Row6610","FALSE"
"Row6611","TRUE"
"Row6612","FALSE"
"Row6613","FALSE"
"Row6614","FALSE"
"Row6615","TRUE"
"Row6616","TRUE"
"Row6617","FALSE"
"Row6618","FALSE"
"Row6619","FALSE"
"Row6620","FALSE"
"Row6621","FALSE"
"Row6622","FALSE"
"Row6623","FALSE"
"Row6624","FALSE"
"Row6625","FALSE"
"Row6626","FALSE"
"Row6627","FALSE"
"Row6628","FALSE"
"Row6629","FALSE"
"Row6630","FALSE"
"Row6631","FALSE"
"Row6632","FALSE"
"Row6633","FALSE"
"Row6634","FALSE"
"Row6635","TRUE"
"Row6636","FALSE"
"Row6637","FALSE"
"Row6638","FALSE"
"Row6639","FALSE"
"Row6640","FALSE"
"Row6641","FALSE"
"Row6642","TRUE"
"Row6643","TRUE"
"Row6644","TRUE"
"Row6645","TRUE"
"Row6646","FALSE"
"Row6647","FALSE"
"Row6648","FALSE"
"Row6649","TRUE"
"Row6650","TRUE"
"Row6651","FALSE"
"Row6652","FALSE"
"Row6653","FALSE"
"Row6654","FALSE"
"Row6655","FALSE"
"Row6656","TRUE"
"Row6657","TRUE"
"Row6658","FALSE"
"Row6659","FALSE"
"Row6660","FALSE"
"Row6661","FALSE"
"Row6662","FALSE"
"Row6663","FALSE"
"Row6664","FALSE"
"Row6665","FALSE"
"Row6666","FALSE"
"Row6667","TRUE"
"Row6668","FALSE"
"Row6669","FALSE"
"Row6670","FALSE"
"Row6671","FALSE"
"Row6672","FALSE"
"Row6673","FALSE"
"Row6674","FALSE"
"Row6675","FALSE"
"Row6676","TRUE"
"Row6677","FALSE"
"Row6678","FALSE"
"Row6679","FALSE"
"Row6680","TRUE"
"Row6681","FALSE"
"Row6682","TRUE"
"Row6683","FALSE"
